compound_id2;chembl_name
CHEMBL116590;
CHEMBL1200341;INDECAINIDE HYDROCHLORIDE
CHEMBL482477;
CHEMBL1200773;TOCAINIDE HYDROCHLORIDE
CHEMBL971;PENTOBARBITAL SODIUM
CHEMBL1534525;MIBEFRADIL DIHYDROCHLORIDE
CHEMBL3545424;AZD-8186
CHEMBL1551597;
CHEMBL1200602;NV-128
CHEMBL3545135;CINNARIZINE
CHEMBL43064;CLOFILIUM
CHEMBL9484;
CHEMBL185515;PROCAINE HYDROCHLORIDE
CHEMBL1200841;GARLIC
CHEMBL2108463;NKTR-171
CHEMBL3545209;GUANIDINE HYDROCHLORIDE
CHEMBL1200728;
CHEMBL140184;MILRINONE LACTATE
CHEMBL1200977;PICROTOXININ
CHEMBL47244;BUPARLISIB HYDROCHLORIDE
CHEMBL2364604;ELPETRIGINE
CHEMBL29919;NAPROXEN SODIUM
CHEMBL1200806;MEPIVACAINE HYDROCHLORIDE
CHEMBL1200440;ZATEBRADINE
CHEMBL69679;
CHEMBL3793901;CARVEDILOL PHOSPHATE
CHEMBL1201167;ETIDOCAINE HYDROCHLORIDE
CHEMBL1200597;WX-037
CHEMBL3545385;RECILISIB
CHEMBL2219421;
CHEMBL2052019;BILOBALIDE
CHEMBL133266;DEXTRAN SULFATE SODIUM
CHEMBL2108952;ZARAGOZIC ACID A
CHEMBL40991;FOSPHENYTOIN SODIUM
CHEMBL919;STREPTOZOCIN
CHEMBL1651906;FLAVOXATE HYDROCHLORIDE
CHEMBL1200875;SODIUM BUTYRATE
CHEMBL62381;
CHEMBL157769;RUTHENIUM RED
CHEMBL2068405;ALOGLIPTIN BENZOATE
CHEMBL227529;
CHEMBL576786;PHENAMIL
CHEMBL211502;CINACALCET HYDROCHLORIDE
CHEMBL1200776;DS-7423
CHEMBL3545248;QUINIDINE POLYGALACTURONATE
CHEMBL1201486;
CHEMBL407217;PHLORIZIN
CHEMBL245067;ISOVANILLIN
CHEMBL275563;FLUDARABINE PHOSPHATE
CHEMBL1096882;PROCAINAMIDE HYDROCHLORIDE
CHEMBL605;CURCUMIN
CHEMBL116438;
CHEMBL95104;FLURBIPROFEN SODIUM
CHEMBL1200990;MIDAZOLAM HYDROCHLORIDE
CHEMBL1200420;PHENYTOIN SODIUM
CHEMBL1611;[3H]NISOXETINE
CHEMBL1628648;AZD-4547
CHEMBL3184679;
CHEMBL2110370;
CHEMBL1972466;U-0126
CHEMBL100473;BUTORPHANOL
CHEMBL33986;ESOMEPRAZOLE STRONTIUM
CHEMBL2146140;IPH-2101
CHEMBL3545052;PROPARACAINE HYDROCHLORIDE
CHEMBL2109498;FIBOFLAPON SODIUM
CHEMBL1200464;CA2
CHEMBL1922673;BEPRIDIL HYDROCHLORIDE
CHEMBL2109588;GALANGIN
CHEMBL1200382;THIAMYLAL SODIUM
CHEMBL309490;
CHEMBL1201065;
CHEMBL411481;ANTIBIOTIC
CHEMBL195309;PENTOSAN POLYSULFATE SODIUM
CHEMBL606111;ETRETINATE
CHEMBL1201516;BUTABARBITAL SODIUM
CHEMBL464;GEMCITABINE HYDROCHLORIDE
CHEMBL1200982;DOXAPRAM HYDROCHLORIDE
CHEMBL1637;QUADAZOCINE
CHEMBL1200876;CORIFOLLITROPIN ALFA
CHEMBL2111022;TA-5493
CHEMBL2108185;
CHEMBL3545201;OXAPROZIN POTASSIUM
CHEMBL189449;TOLMETIN SODIUM
CHEMBL1200463;
CHEMBL1200613;
CHEMBL222670;THYROTROPIN
CHEMBL1828986;R-333
CHEMBL1201532;R-348
CHEMBL3545159;ESOMEPRAZOLE SODIUM
CHEMBL3545382;CELASTROL
CHEMBL1200470;OZARELIX
CHEMBL301982;TANNIC ACID
CHEMBL2108312;LOREDIPLON
CHEMBL506247;ROPIVACAINE HYDROCHLORIDE
CHEMBL3707317;DYCLONINE HYDROCHLORIDE
CHEMBL1889140;AZASERINE
CHEMBL1200478;SUNITINIB MALATE
CHEMBL1095699;BMS-817378
CHEMBL1567;
CHEMBL3545050;ATEZOLIZUMAB
CHEMBL1200631;RGB-286638
CHEMBL515716;
CHEMBL3707227;VITAMIN K
CHEMBL3545083;
CHEMBL432038;RS-102,221
CHEMBL1201519;RG6029
CHEMBL196677;KETOROLAC TROMETHAMINE
CHEMBL3545158;
CHEMBL88402;FK453
CHEMBL3707380;
CHEMBL1201124;
CHEMBL389033;IMATINIB MESYLATE
CHEMBL440115;GLPG-0259
CHEMBL402162;FADROZOLE
CHEMBL473186;
CHEMBL1642;VARDENAFIL HYDROCHLORIDE
CHEMBL3545338;CILASTATIN SODIUM
CHEMBL9298;CHONDROITIN SULFATE
CHEMBL1229875;
CHEMBL1339;NORBINALTORPHIMINE
CHEMBL1201057;
CHEMBL2303614;CIPRALISANT
CHEMBL528995;BENZAMIL
CHEMBL573214;INAMRINONE LACTATE
CHEMBL415848;AT-9283
CHEMBL278462;AZIMILIDE
CHEMBL212579;QUINIDINE GLUCONATE
CHEMBL2096642;BAMINERCEPT
CHEMBL495727;ZINC ION
CHEMBL123558;
CHEMBL1200437;ALSEROXYLON
CHEMBL1742988;
CHEMBL1236970;OMEPRAZOLE MAGNESIUM
CHEMBL143820;
CHEMBL1201454;OLOPATADINE HYDROCHLORIDE
CHEMBL595583;5-NITRO-2-PHENYLPROPYLAMINOBENZOIC ACID [NPPB]
CHEMBL2103819;ISOGRANULATIMIDE
CHEMBL1567328;
CHEMBL1163804;
CHEMBL1719;
CHEMBL1256759;CILMOSTIM
CHEMBL413188;NORFLUOXETINE
CHEMBL23050;(+)-CYCLAZOSIN
CHEMBL7318;
CHEMBL299683;1D09C3
CHEMBL2108239;CARTEOLOL HYDROCHLORIDE
CHEMBL1494;
CHEMBL2261604;
CHEMBL472222;ABITUZUMAB
CHEMBL2109518;UR-63325
CHEMBL1201002;DSP-2230
CHEMBL2158814;
CHEMBL345132;SPIRAPRILAT
CHEMBL2109621;KARENITECIN
CHEMBL3545345;MSC-2363318A
CHEMBL3545012;KETAMINE HYDROCHLORIDE
CHEMBL139677;EZATIOSTAT HYDROCHLORIDE
CHEMBL579;AZD7009
CHEMBL1743260;
CHEMBL3545003;
CHEMBL1714;
CHEMBL3545297;
CHEMBL2103810;AMLODIPINE BESYLATE
CHEMBL3545040;XL-999
CHEMBL116837;PRILOCAINE HYDROCHLORIDE
CHEMBL296908;
CHEMBL608559;STRYCHNINE
CHEMBL136689;
CHEMBL2106698;SB-242084
CHEMBL1200402;
CHEMBL3545285;LY-2780301
CHEMBL1200586;DIZOCILPINE
CHEMBL1094973;EHNA
CHEMBL227934;5-(N-ETHYL-N-ISOPROPYL)AMILORIDE
CHEMBL378577;HEXYLCAINE HYDROCHLORIDE
CHEMBL14563;VINCRISTINE SULFATE
CHEMBL191751;DEXMETHYLPHENIDATE HYDROCHLORIDE
CHEMBL3545134;IBUPROFEN LYSINE
CHEMBL284237;
CHEMBL50378;
CHEMBL517986;
CHEMBL1200715;PUQUITINIB
CHEMBL501867;RALOXIFENE HYDROCHLORIDE
CHEMBL904;BENTAMAPIMOD
CHEMBL1201141;
CHEMBL29197;FENOPROFEN CALCIUM
CHEMBL412295;CARPHENAZINE MALEATE
CHEMBL370962;VERAPAMIL HYDROCHLORIDE
CHEMBL3545088;
CHEMBL1116;PWT-33587
CHEMBL3545213;THIOPENTAL SODIUM
CHEMBL322524;SAFRAMYCIN A
CHEMBL2103736;
CHEMBL2358147;
CHEMBL1280;CDP840
CHEMBL302765;CX1739
CHEMBL3545006;PICROTIN
CHEMBL738;DACINOSTAT
CHEMBL452709;DIPHEMANIL METHYLSULFATE
CHEMBL392068;DEXTROAMPHETAMINE ADIPATE
CHEMBL405908;LOXAPINE SUCCINATE
CHEMBL32442;ME-344
CHEMBL3707399;METHAZOLAMIDE
CHEMBL478523;XL-418
CHEMBL356066;DEPATUXIZUMAB MAFODOTIN
CHEMBL1200880;ETHACRYNATE SODIUM
CHEMBL1200782;PEGNIVACOGIN
CHEMBL2108301;SARAKALIM
CHEMBL1201155;
CHEMBL3545361;P-1037
CHEMBL3545320;CASPOFUNGIN
CHEMBL19;CARLUMAB
CHEMBL3544935;WARFARIN POTASSIUM
CHEMBL3707277;
CHEMBL1200487;SC-41390
CHEMBL2107870;
CHEMBL2104449;ZOTIRACICLIB
CHEMBL1765740;REMOGLIFLOZIN
CHEMBL3545352;AMG-319
CHEMBL2109339;ALCURONIUM
CHEMBL499808;
CHEMBL1742999;PENICILLIN G SODIUM
CHEMBL1200772;T-BUTYLBICYCLOPHOSPHOROTHIONATE
CHEMBL514415;PANOBINOSTAT LACTATE
CHEMBL14823;PPTN
CHEMBL2140173;BUTYLATED HYDROXYTOLUENE
CHEMBL1944698;NEMIFITIDE
CHEMBL494322;RG-4733
CHEMBL3545048;
CHEMBL1180293;NEBIVOLOL HYDROCHLORIDE
CHEMBL1770298;PRATOSARTAN
CHEMBL1126;RG7185
CHEMBL485673;
CHEMBL3545207;
CHEMBL3545368;VAPREOTIDE
CHEMBL1800685;C-1311
CHEMBL146;AZD-7624
CHEMBL2107761;
CHEMBL2107647;MEXILETINE HYDROCHLORIDE
CHEMBL4297422;SODIUM TAUROCHOLATE
CHEMBL191971;NAVARIXIN
CHEMBL1201731;PILARALISIB
CHEMBL41194;
CHEMBL3544941;URB-597
CHEMBL3916849;DICLOFENAC SODIUM
CHEMBL89093;LITHIUM CITRATE
CHEMBL3039590;VABICASERIN HYDROCHLORIDE
CHEMBL2103975;
CHEMBL3545337;TOFA
CHEMBL9960;PARGYLINE HYDROCHLORIDE
CHEMBL484928;N-METHYL-N-NITROSUREA
CHEMBL1200606;METITEPINE
CHEMBL443728;
CHEMBL216981;RG-7602
CHEMBL3218575;HIMBACINE
CHEMBL1697690;EPINASTINE HYDROCHLORIDE
CHEMBL184238;BUTHIONINE SULFOXIMINE
CHEMBL1034;
CHEMBL2103738;POBILUKAST
CHEMBL2104991;MESORIDAZINE BESYLATE
CHEMBL101497;
CHEMBL1562779;VS-5584
CHEMBL1200425;ALTIRATINIB
CHEMBL288958;LUBAZODONE HYDROCHLORIDE
CHEMBL93240;AZD2423
CHEMBL2064571;ESMIRTAZAPINE MALEATE
CHEMBL3545007;
CHEMBL277642;THROMBIN
CHEMBL1200491;NORDIHYDROGUAIARETIC ACID
CHEMBL1609891;AMPHETAMINE ASPARTATE
CHEMBL342375;
CHEMBL22776;CHLORDIAZEPOXIDE HYDROCHLORIDE
CHEMBL3545015;
CHEMBL1201052;FLUOXETINE HYDROCHLORIDE
CHEMBL373428;LABETALOL HYDROCHLORIDE
CHEMBL1079593;6-AMINONICOTINAMIDE
CHEMBL3545365;GLYCOPYRROLATE
CHEMBL1822892;TIOSPIRONE
CHEMBL3545221;
CHEMBL2107339;IVABRADINE HYDROCHLORIDE
CHEMBL33185;SENREBOTASE
CHEMBL2108110;ARTICAINE HYDROCHLORIDE
CHEMBL52;VANTICTUMAB
CHEMBL1200377;GSK-650394
CHEMBL1255944;TRIPITRAMINE
CHEMBL1200703;ABX-IL8
CHEMBL488638;PHENOXYBENZAMINE HYDROCHLORIDE
CHEMBL1201082;LUMINESPIB
CHEMBL1200456;BENZTROPINE MESYLATE
CHEMBL1200323;METHOHEXITAL SODIUM
CHEMBL1324108;GALANTIDE
CHEMBL1201027;BENOXINATE HYDROCHLORIDE
CHEMBL35057;AZILSARTAN
CHEMBL3769755;MK-8353
CHEMBL2145077;TAPLITUMOMAB PAPTOX
CHEMBL3137348;BRIAKINUMAB
CHEMBL1200819;XL-228
CHEMBL2364652;GW468816
CHEMBL558642;REGRELOR DISODIUM
CHEMBL265256;SAF312
CHEMBL2109616;SAMALIZUMAB
CHEMBL1200787;RESINIFERATOXIN
CHEMBL252164;
CHEMBL1200383;MERETHOXYLLINE PROCAINE
CHEMBL30219;STX-100
CHEMBL526003;INTERFERON BETA
CHEMBL1200654;AT-406
CHEMBL57242;TETRODOTOXIN
CHEMBL3545001;CGS-15943
CHEMBL2107890;
CHEMBL2109471;NI-0801
CHEMBL1742995;
CHEMBL3545085;ESKETAMINE HYDROCHLORIDE
CHEMBL2105984;PARATHYROID HORMONE
CHEMBL1207366;
CHEMBL261244;
CHEMBL3544953;
CHEMBL1743067;DICLOFENAC EPOLAMINE
CHEMBL448382;
CHEMBL1162149;
CHEMBL1200443;TEMANOGREL
CHEMBL2109623;
CHEMBL2108510;CP-459632
CHEMBL2158051;NITRACRINE
CHEMBL507974;CONESTAT ALFA
CHEMBL16687;
CHEMBL344662;
CHEMBL2107727;LEUKOTRIEN E4
CHEMBL2109379;BUPROPION HYDROCHLORIDE
CHEMBL580785;
CHEMBL2364609;KRN-633
CHEMBL2108078;CONIVAPTAN HYDROCHLORIDE
CHEMBL3220918;BMS-794833
CHEMBL1825138;HEXANE
CHEMBL3138451;
CHEMBL522758;FEXOFENADINE HYDROCHLORIDE
CHEMBL1201180;PRAVASTATIN SODIUM
CHEMBL88147;TRIFLUOPERAZINE HYDROCHLORIDE
CHEMBL1628625;CLOFAZIMINE
CHEMBL1084617;NINTEDANIB ESYLATE
CHEMBL401930;METHYLPHENIDATE HYDROCHLORIDE
CHEMBL3545300;AM-211
CHEMBL26291;
CHEMBL2108350;
CHEMBL127686;GLUCOSAMINE
CHEMBL332154;CHLORPHENTERMINE HYDROCHLORIDE
CHEMBL509456;
CHEMBL1698;NEOSTIGMINE BROMIDE
CHEMBL3307200;
CHEMBL406381;PEFICITINIB
CHEMBL1201108;ANANDAMIDE
CHEMBL3545119;PHENDIMETRAZINE TARTRATE
CHEMBL15939;AMINOSALICYLATE POTASSIUM
CHEMBL119054;SECOBARBITAL SODIUM
CHEMBL1200618;PBF-680
CHEMBL1213490;SB-773812
CHEMBL690;TALACTOFERRIN ALFA
CHEMBL1710;
CHEMBL1292;TOZASERTIB
CHEMBL3039504;QUIFLAPON
CHEMBL1722;
CHEMBL2181753;FORODESINE HYDROCHLORIDE
CHEMBL70099;GSK-1070916
CHEMBL41547;DILTIAZEM MALATE
CHEMBL606759;DENAGLIPTIN
CHEMBL1200595;UPIDOSIN
CHEMBL339486;HEXAMETHYLENEBISACETAMIDE
CHEMBL54126;
CHEMBL209497;
CHEMBL3137308;GARCINOL
CHEMBL15848;
CHEMBL1898523;AMINOSALICYLATE SODIUM
CHEMBL1200584;TOPOTECAN HYDROCHLORIDE
CHEMBL1200903;SELENIUM ATOM
CHEMBL3545162;GINGER
CHEMBL3545102;ADC3680
CHEMBL2108651;
CHEMBL1255588;PANULISIB
CHEMBL572878;AZD1305
CHEMBL16596;DICLOFENAC POTASSIUM
CHEMBL461939;IRAMPANEL
CHEMBL550755;SEMULOPARIN SODIUM
CHEMBL1090479;AR-12
CHEMBL2103853;LISINOPRIL HYDRATE
CHEMBL1200805;PI-103
CHEMBL2110666;RISEDRONATE SODIUM
CHEMBL278865;MAPROTILINE HYDROCHLORIDE
CHEMBL291481;XL-019
CHEMBL86508;
CHEMBL514554;GO-6976
CHEMBL502489;PKI-166
CHEMBL131495;TRX-1
CHEMBL2096646;DULOXETINE HYDROCHLORIDE
CHEMBL1607;CAPSAZEPINE
CHEMBL1235891;
CHEMBL2108465;
CHEMBL3545343;PK-11195
CHEMBL3218011;INTERFERON ALFA-2A
CHEMBL3545322;PROPOXYCAINE HYDROCHLORIDE
CHEMBL3545169;DIBUCAINE HYDROCHLORIDE
CHEMBL2107738;AMG-337
CHEMBL1200804;VITAMIN A PALMITATE
CHEMBL29741;RAUWOLSCINE
CHEMBL2108718;TRIPELENNAMINE CITRATE
CHEMBL1650595;BERUBICIN HYDROCHLORIDE
CHEMBL1729579;SB-203580
CHEMBL573339;ABT 510
CHEMBL1654;CLORAZEPATE DIPOTASSIUM
CHEMBL1237135;METHDILAZINE HYDROCHLORIDE
CHEMBL3545328;
CHEMBL34;
CHEMBL302449;NAVARIXIN
CHEMBL1963502;FR-122047
CHEMBL2109474;NEMIRALISIB
CHEMBL1200328;ENMD-2076
CHEMBL391997;CHLOROPROCAINE HYDROCHLORIDE
CHEMBL111545;CISAPRIDE
CHEMBL291314;TOFACITINIB CITRATE
CHEMBL1200992;DILTIAZEM HYDROCHLORIDE
CHEMBL481537;
CHEMBL2108508;METFORMIN HYDROCHLORIDE
CHEMBL1769;PROCHLORPERAZINE EDISYLATE
CHEMBL1200612;
CHEMBL3545212;ATROPINE SULFATE
CHEMBL1675;TERAZOSIN HYDROCHLORIDE HYDRATE
CHEMBL10347;HALOFUGINONE
CHEMBL1200769;AMG-517
CHEMBL2103796;
CHEMBL10;PRUNETIN
CHEMBL262489;PLUMBAGIN
CHEMBL2096631;MEGLITINIDE
CHEMBL1200532;VISILIZUMAB
CHEMBL2180727;
CHEMBL178707;
CHEMBL2107782;PARECOXIB SODIUM
CHEMBL2103864;
CHEMBL275809;IDOXIFENE
CHEMBL2216859;
CHEMBL482968;FIBRINOLYSIN, HUMAN
CHEMBL944;SODIUM NITROPRUSSIDE
CHEMBL1729;TOLBUTAMIDE SODIUM, STERILE
CHEMBL2103743;
CHEMBL1697;
CHEMBL2062804;ABT-288
CHEMBL1703;SAXITOXIN
CHEMBL1201154;
CHEMBL2424939;AZD-5438
CHEMBL2146146;4-DAMP
CHEMBL1201091;PROPRANOLOL HYDROCHLORIDE
CHEMBL1197091;
CHEMBL229430;ETAZOLATE
CHEMBL122413;
CHEMBL491174;
CHEMBL295316;[3H]NEMONAPRIDE
CHEMBL149930;
CHEMBL2108811;FLUVASTATIN
CHEMBL368161;GSK-2269557
CHEMBL1627081;SOLANEZUMAB
CHEMBL296913;
CHEMBL3087498;
CHEMBL6318;
CHEMBL589258;
CHEMBL1201505;
CHEMBL136478;BERMEKIMAB
CHEMBL1200874;PENICILLIN G POTASSIUM
CHEMBL2164243;MK-2461
CHEMBL161829;
CHEMBL3545029;GS-9667
CHEMBL501134;LAPATINIB DITOSYLATE
CHEMBL482436;
CHEMBL488436;LECOZOTAN HYDROCHLORIDE
CHEMBL76897;
CHEMBL1671;
CHEMBL2335153;DESIRUDIN
CHEMBL356388;AMA0076
CHEMBL608538;
CHEMBL1368758;AG-24322
CHEMBL2261102;ZICONOTIDE ACETATE
CHEMBL597557;ETHOPROPAZINE HYDROCHLORIDE
CHEMBL2220442;TETRACHLORODECAOXIDE
CHEMBL3545250;QUINIDINE SULFATE
CHEMBL3545044;MK-8777
CHEMBL1743072;
CHEMBL25554;
CHEMBL606240;RAVIDASVIR
CHEMBL1825141;PEGPLERANIB SODIUM
CHEMBL225155;PHENAZOPYRIDINE HYDROCHLORIDE
CHEMBL334721;DIVALPROEX SODIUM
CHEMBL2109653;IBUTAMOREN
CHEMBL1223;TAMSULOSIN HYDROCHLORIDE
CHEMBL1822792;AZD-5363
CHEMBL1651524;SILDENAFIL CITRATE
CHEMBL2107803;BECLOMETHASONE
CHEMBL3545011;DEXBROMPHENIRAMINE MALEATE
CHEMBL1201179;SPIPERONE
CHEMBL430798;NALTRIBEN
CHEMBL2107349;DISOPYRAMIDE PHOSPHATE
CHEMBL420060;CG250 177LU
CHEMBL514958;
CHEMBL1201662;MAXACALCITOL
CHEMBL3545073;FLUVASTATIN SODIUM
CHEMBL408846;ONERCEPT
CHEMBL3545420;MILVETEROL
CHEMBL1795072;NALTRINDOLE
CHEMBL1200970;CLOPIDOGREL BISULFATE
CHEMBL3545422;
CHEMBL3707387;PHENPROCOUMON
CHEMBL3707183;DOXAZOSIN MESYLATE
CHEMBL3707401;SAFINAMIDE MESYLATE
CHEMBL355370;PHENIRAMINE MALEATE
CHEMBL104028;ERITORAN TETRASODIUM
CHEMBL3121849;
CHEMBL3301576;ACIVICIN
CHEMBL1201022;SORAFENIB TOSYLATE
CHEMBL2105613;VS-4718
CHEMBL13817;AS-602868
CHEMBL1200914;
CHEMBL2178577;EDELFOSINE
CHEMBL1737;
CHEMBL1586;
CHEMBL1200638;
CHEMBL267930;BENZHYDROCODONE HYDROCHLORIDE
CHEMBL100940;DIPHENHYDRAMINE CITRATE
CHEMBL1201020;CLOMIPHENE CITRATE
CHEMBL3707297;RONTALIZUMAB
CHEMBL2325503;
CHEMBL2103818;VOLANESORSEN SODIUM
CHEMBL333950;
CHEMBL2218894;
CHEMBL2107911;ORPHENADRINE CITRATE
CHEMBL1940832;ETHYL NITROSOUREA
CHEMBL567175;HYPERFORIN
CHEMBL1083385;
CHEMBL1254577;
CHEMBL16694;LIOTHYRONINE SODIUM
CHEMBL1200561;RG7893
CHEMBL48582;GLEMANSERIN
CHEMBL1653;PF-03814735
CHEMBL3301672;PHENYLPROPANOLAMINE
CHEMBL444278;BECTUMOMAB
CHEMBL1231101;SCOPOLAMINE
CHEMBL1200485;DELMITIDE
CHEMBL3544933;
CHEMBL129857;METHANANDAMIDE
CHEMBL3545319;FLANVOTUMAB
CHEMBL1908396;
CHEMBL28509;
CHEMBL67129;
CHEMBL1200568;IODORESINIFERATOXIN
CHEMBL418834;QUINOXALINE1
CHEMBL384701;
CHEMBL3137310;A-123189
CHEMBL1201089;
CHEMBL3185958;
CHEMBL1743066;NICARDIPINE HYDROCHLORIDE
CHEMBL1743358;LISDEXAMFETAMINE DIMESYLATE
CHEMBL3544989;AMILORIDE HYDROCHLORIDE
CHEMBL60264;LACTULOSE
CHEMBL27441;
CHEMBL1200395;
CHEMBL167667;DIOSCIN
CHEMBL501711;
CHEMBL322970;UMECLIDINIUM BROMIDE
CHEMBL3110004;
CHEMBL1201119;
CHEMBL3707353;
CHEMBL3545112;
CHEMBL1200564;
CHEMBL18972;CYCLOSPORIN H
CHEMBL3545078;
CHEMBL61006;SULFORAPHANE
CHEMBL2108228;COLESTIPOL HYDROCHLORIDE
CHEMBL1187846;
CHEMBL2108587;SIRUKUMAB
CHEMBL129683;
CHEMBL120526;OTILIMAB
CHEMBL2108734;PROPAFENONE HYDROCHLORIDE
CHEMBL52030;CHF4227
CHEMBL1079460;
CHEMBL2413521;ANTHRACENE-9-CARBOXYLIC ACID
CHEMBL595069;
CHEMBL259389;BURIXAFOR
CHEMBL316069;TOLAZOLINE HYDROCHLORIDE
CHEMBL13856;AZD-6918
CHEMBL2062131;ERENUMAB
CHEMBL481608;
CHEMBL1200326;AZD1386
CHEMBL1201178;DELCASERTIB
CHEMBL1200349;
CHEMBL1398126;PYROGALLOL
CHEMBL1237068;MECHLORETHAMINE HYDROCHLORIDE
CHEMBL169233;FEZAKINUMAB
CHEMBL369928;TRAZODONE HYDROCHLORIDE
CHEMBL507001;
CHEMBL507214;OTENZEPAD
CHEMBL523299;METHYLHOMATROPINE
CHEMBL23094;ACETAZOLAMIDE SODIUM
CHEMBL2096742;PKI-179
CHEMBL1957266;BRETAZENIL
CHEMBL2324347;DIHYDROKAINATE
CHEMBL489540;
CHEMBL3545026;MDX-210
CHEMBL1628710;BEVASIRANIB SODIUM
CHEMBL2203843;
CHEMBL48802;SPIROXATRINE
CHEMBL1201474;CONESSINE
CHEMBL1535371;
CHEMBL1743071;INSM-18
CHEMBL35482;SNAP-7941
CHEMBL2109252;LY2590443
CHEMBL2109433;
CHEMBL1201063;PROPANTHELINE BROMIDE
CHEMBL3545355;JNJ-26483327
CHEMBL25074;
CHEMBL1513985;BETAINE HYDROCHLORIDE
CHEMBL217354;GUSELKUMAB
CHEMBL3545224;MERCAPTOPURINE
CHEMBL1689;IXAZOMIB CITRATE
CHEMBL3545298;VASOPRESSIN TANNATE
CHEMBL3833329;ALLYLESTRENOL
CHEMBL485070;NAMINIDIL
CHEMBL3545039;OBATOCLAX MESYLATE
CHEMBL2107872;
CHEMBL359632;BENZOQUINONE
CHEMBL307145;
CHEMBL1201001;QUINAPRIL HYDROCHLORIDE
CHEMBL1743017;TREBANANIB
CHEMBL1200798;CGS-27023A
CHEMBL118044;
CHEMBL17045;TICLOPIDINE HYDROCHLORIDE
CHEMBL1201235;
CHEMBL1200814;TARAFENACIN
CHEMBL1258517;TCD-717
CHEMBL366947;NIMUSTINE HYDROCHLORIDE
CHEMBL279561;
CHEMBL2331712;CLOPENTHIXOL
CHEMBL2109271;
CHEMBL2103797;BELAPERIDONE
CHEMBL1207514;
CHEMBL300555;TAE-684
CHEMBL191703;MYCOPHENOLATE MOFETIL HYDROCHLORIDE
CHEMBL47394;GSK189254
CHEMBL3545025;
CHEMBL185271;
CHEMBL3545220;PF-04958242
CHEMBL3545151;
CHEMBL80117;IBUPROFEN SODIUM
CHEMBL1240;HM-71224
CHEMBL3545133;SR-2640
CHEMBL1086377;CLENOLIXIMAB
CHEMBL1201130;
CHEMBL2364648;
CHEMBL1200751;AZD-1080
CHEMBL3545432;IRINOTECAN SUCROSOFATE
CHEMBL1201528;LADARIXIN
CHEMBL2105618;
CHEMBL2105160;PHENTERMINE HYDROCHLORIDE
CHEMBL2107358;2,3,7,8-TETRACHLORODIBENZO-P-DIOXIN
CHEMBL41013;
CHEMBL8320;
CHEMBL279453;
CHEMBL1201011;CDC-801
CHEMBL2108568;CLINDAMYCIN PHOSPHATE
CHEMBL514138;
CHEMBL130499;BENRALIZUMAB
CHEMBL1717;CLOBENPROPIT
CHEMBL516921;DOXYLAMINE SUCCINATE
CHEMBL1779046;MBX-2044
CHEMBL3545084;ONARTUZUMAB
CHEMBL1256616;AVL-3288
CHEMBL44698;PERFOSFAMIDE
CHEMBL87385;THIOUREA
CHEMBL1684954;
CHEMBL2105926;CERIVASTATIN SODIUM
CHEMBL134074;
CHEMBL509032;BI-505
CHEMBL1200955;NUTLIN-3
CHEMBL517140;
CHEMBL1221576;
CHEMBL3349692;DRONEDARONE HYDROCHLORIDE
CHEMBL3707379;
CHEMBL104049;
CHEMBL1241153;MILCICLIB
CHEMBL3544969;AZD5672
CHEMBL18132;NITROBENZYLMERCAPTOPURINE RIBONUCLEOSIDE
CHEMBL2108187;DACETUZUMAB
CHEMBL1200864;VERLUKAST
CHEMBL254778;ANAGRELIDE HYDROCHLORIDE
CHEMBL29027;U-50488 METHANE SULFONATE
CHEMBL1969664;RG-7741
CHEMBL3039564;YTTRIUM Y 90 IBRITUMOMAB TIUXETAN
CHEMBL189475;RANITIDINE HYDROCHLORIDE
CHEMBL255088;TAK-285
CHEMBL1200912;TRICLOFOS SODIUM
CHEMBL30327;6-DIAZO-5-OXO-L-NORLEUCINE
CHEMBL2311146;
CHEMBL2088034;ULOCUPLUMAB
CHEMBL153254;PF-04634817
CHEMBL88153;
CHEMBL3184512;R428
CHEMBL3545246;ICATIBANT ACETATE
CHEMBL1643768;
CHEMBL1742991;MITOXANTRONE HYDROCHLORIDE
CHEMBL14690;NORHARMANE
CHEMBL1200392;
CHEMBL3545020;LY-3009120
CHEMBL1743051;PF-00477736
CHEMBL429317;THEOPHYLLINE SODIUM GLYCINATE
CHEMBL61511;LUMILIXIMAB
CHEMBL260876;PYRIDOSTIGMINE BROMIDE
CHEMBL1459962;LERONLIMAB
CHEMBL1200563;LOXAPINE HYDROCHLORIDE
CHEMBL375293;
CHEMBL2109482;
CHEMBL191334;
CHEMBL460895;
CHEMBL108468;
CHEMBL1201729;CEP-5214
CHEMBL3544999;ALLOXAZINE
CHEMBL474991;IBANDRONATE SODIUM
CHEMBL2347211;
CHEMBL564829;
CHEMBL1951914;
CHEMBL418509;CTCE-9908
CHEMBL1743005;MOEXIPRIL HYDROCHLORIDE
CHEMBL280481;FINGOLIMOD HYDROCHLORIDE
CHEMBL1200759;IMIDAPRILAT
CHEMBL441765;
CHEMBL3545199;TIOTIDINE
CHEMBL2108667;
CHEMBL2110372;KC-706
CHEMBL1614725;GNF-Pf-5468
CHEMBL1200789;DELUCEMINE
CHEMBL97485;WX-554
CHEMBL2219824;MORICIZINE HYDROCHLORIDE
CHEMBL3039543;
CHEMBL3545032;
CHEMBL75772;TETRACAINE HYDROCHLORIDE
CHEMBL2023349;L19TNFA
CHEMBL2028852;THIETHYLPERAZINE MALATE
CHEMBL1910970;CHAETOCIN
CHEMBL1417019;BL22
CHEMBL275224;L-765314
CHEMBL504559;ACETONE
CHEMBL3545195;AROFYLLINE
CHEMBL3545137;ZIPRASIDONE HYDROCHLORIDE
CHEMBL1200578;DIPHENIDOL HYDROCHLORIDE
CHEMBL2109151;BRYOSTATIN
CHEMBL812;
CHEMBL2109343;CG250 111IN
CHEMBL3545324;MGCD-265
CHEMBL1201060;
CHEMBL3307195;LAZABEMIDE
CHEMBL477396;
CHEMBL509507;THIETHYLPERAZINE MALEATE
CHEMBL3222137;TRIMIPRAMINE MALEATE
CHEMBL165679;OXPRENOLOL HYDROCHLORIDE
CHEMBL150894;LAVENDUSTIN A
CHEMBL68500;
CHEMBL2107788;
CHEMBL1201008;PRAZOSIN HYDROCHLORIDE
CHEMBL543876;AMINOETHOXYVINYLGLYCINE
CHEMBL1215739;
CHEMBL307483;SARALASIN ACETATE
CHEMBL3544949;ASENAPINE
CHEMBL1200534;GABAZINE BROMIDE
CHEMBL544665;
CHEMBL99701;CEP-1347
CHEMBL313773;
CHEMBL269646;STIBOGLUCONATE
CHEMBL108705;BUPRENORPHINE
CHEMBL3545282;BMS-863233
CHEMBL586701;CORTICOTROPIN ZINC HYDROXIDE
CHEMBL2110814;INTERFERON ALFA-2B
CHEMBL3545145;PAROXETINE HYDROCHLORIDE
CHEMBL1200334;
CHEMBL258717;RILOTUMUMAB
CHEMBL1917204;PHENTOLAMINE MESYLATE
CHEMBL1255654;
CHEMBL2109589;S-222611
CHEMBL1201074;DOXORUBICIN HYDROCHLORIDE
CHEMBL1089316;METAGLIDASEN
CHEMBL2109352;
CHEMBL19476;
CHEMBL14253;ROVELIZUMAB
CHEMBL1598450;TALNETANT
CHEMBL1712;ICM3
CHEMBL1529;8-CYCLOPENTYLTHEOPHYLLINE
CHEMBL449158;
CHEMBL343357;COLLAGENASE CLOSTRIDIUM HISTOLYTICUM
CHEMBL3707280;ANCRIVIROC
CHEMBL254760;VERATRIDINE
CHEMBL59532;
CHEMBL279390;RG-7376
CHEMBL290376;TIPRELESTAT
CHEMBL1200856;
CHEMBL1200948;AMISELIMOD HYDROCHLORIDE
CHEMBL1200745;APICIDIN
CHEMBL103552;BAZEDOXIFENE ACETATE
CHEMBL228528;
CHEMBL309566;OSI-7904
CHEMBL1558;MOZAVAPTAN
CHEMBL1972647;SF-1126
CHEMBL65280;
CHEMBL1200670;
CHEMBL3187365;SRX251
CHEMBL3545202;
CHEMBL303580;METIPRANOLOL HYDROCHLORIDE
CHEMBL2397386;SODIUM PHENYLBUTYRATE
CHEMBL290352;
CHEMBL1372588;LYM-1
CHEMBL2068504;
CHEMBL511142;TRAFERMIN
CHEMBL3544943;REBOXETINE
CHEMBL1201609;
CHEMBL1201558;IPRATROPIUM BROMIDE
CHEMBL1708;VK5211
CHEMBL274866;
CHEMBL1743063;MIVACURIUM CHLORIDE
CHEMBL1200873;
CHEMBL432878;GSK-610677
CHEMBL3545200;KETOTIFEN FUMARATE
CHEMBL359744;LESTAURTINIB
CHEMBL451321;SIMTUZUMAB
CHEMBL185346;BEFLOXATONE
CHEMBL481422;
CHEMBL2109224;
CHEMBL10188;VESTIPITANT MESYLATE
CHEMBL2109481;MYELOPEROXIDASE
CHEMBL106265;
CHEMBL3545115;
CHEMBL317382;
CHEMBL2108709;
CHEMBL78535;
CHEMBL439496;METHYLCELLULOSE
CHEMBL1368696;AVE-9940
CHEMBL3545082;BEVASIRANIB
CHEMBL2108349;PRX-08066
CHEMBL472940;
CHEMBL3707374;
CHEMBL430060;XL-820
CHEMBL2106615;BKT140
CHEMBL1165259;TRELANSERIN
CHEMBL169896;ANTAZOLINE HYDROCHLORIDE
CHEMBL420762;STREPTONIGRIN
CHEMBL2326966;PS-516895
CHEMBL332370;DESIPRAMINE HYDROCHLORIDE
CHEMBL8565;OSIMERTINIB MESYLATE
CHEMBL3545146;ROSUVASTATIN CALCIUM
CHEMBL120735;GINKGO
CHEMBL1200947;
CHEMBL1746;TILARGININE
CHEMBL1377788;
CHEMBL2109447;DAROTROPIUM BROMIDE
CHEMBL299763;
CHEMBL2108081;
CHEMBL14370;CGP-20712A
CHEMBL198059;SEPANTRONIUM BROMIDE
CHEMBL2134724;
CHEMBL3545356;ORPHENADRINE HYDROCHLORIDE
CHEMBL1951415;5-BENZYLOXYTRYPTAMINE
CHEMBL984;OBELIN
CHEMBL329650;HESPERADIN
CHEMBL3544968;PYROTINIB
CHEMBL1633;
CHEMBL603469;ERIBULIN MESYLATE
CHEMBL2109667;PERINDOPRIL ARGININE
CHEMBL416578;DACOMITINIB
CHEMBL126955;
CHEMBL1334465;
CHEMBL2104992;
CHEMBL2107858;MYRIOCIN
CHEMBL3134157;LEXIBULIN
CHEMBL2172275;
CHEMBL160102;AZD2461
CHEMBL1188853;
CHEMBL1255648;ERGOLOID MESYLATES
CHEMBL2109198;MOTEXAFIN GADOLINIUM
CHEMBL3545117;BENAZEPRIL HYDROCHLORIDE
CHEMBL2110581;FLUVOXAMINE MALEATE
CHEMBL513994;
CHEMBL3039565;
CHEMBL97;RABEPRAZOLE SODIUM
CHEMBL490300;PF-04531083
CHEMBL3545402;
CHEMBL3545348;PF-06291874
CHEMBL3183740;VINCRISTINE
CHEMBL1256819;HALOPERIDOL DECANOATE
CHEMBL11417;
CHEMBL3545139;BELAGENPUMATUCEL-L
CHEMBL1696;NS-018
CHEMBL3545063;
CHEMBL1744447;BISOPROLOL FUMARATE
CHEMBL2108466;RB 2
CHEMBL2347208;ARDENERMIN
CHEMBL312870;LIDOCAINE HYDROCHLORIDE
CHEMBL504548;SULFOBROMOPHTHALEIN SODIUM
CHEMBL2103803;DOXACURIUM CHLORIDE
CHEMBL3086703;ALLOPURINOL SODIUM
CHEMBL273869;ARRY-797
CHEMBL280822;
CHEMBL2105734;HALOPERIDOL LACTATE
CHEMBL472172;MECLOFENAMATE SODIUM
CHEMBL1201023;L-365260
CHEMBL1288652;
CHEMBL251541;AFACIFENACIN
CHEMBL1200898;3-HYDROXYBENZYLHYDRAZINE DIHYDROCHLORIDE
CHEMBL514409;R-112
CHEMBL3544956;CLIDINIUM
CHEMBL1082832;
CHEMBL1683544;
CHEMBL3544986;
CHEMBL2105719;ADUCANUMAB
CHEMBL197726;
CHEMBL182977;OBINEPITIDE
CHEMBL1326499;
CHEMBL55076;
CHEMBL552212;NEOSTIGMINE METHYLSULFATE
CHEMBL1812661;
CHEMBL4098253;
CHEMBL2016873;BERTILIMUMAB
CHEMBL2311030;
CHEMBL3544910;
CHEMBL1694;
CHEMBL1409;
CHEMBL3545251;
CHEMBL1895916;DIPHOSPHOMELAVONATE
CHEMBL452864;MINOPAFANT
CHEMBL1200930;SPLITOMICIN
CHEMBL3544951;
CHEMBL98869;
CHEMBL3545379;
CHEMBL3544946;FARNESOL
CHEMBL90555;A-192621
CHEMBL1200986;
CHEMBL2313646;IODOPHENPROPIT
CHEMBL2108577;CGP-12177
CHEMBL2109431;HUMAX-IL8
CHEMBL3545217;PIDILIZUMAB
CHEMBL1200900;NAFADOTRIDE
CHEMBL545050;ENFORTUMAB VEDOTIN
CHEMBL1200708;GLYCOCHOLIC ACID
CHEMBL223344;
CHEMBL2108180;TOFOGLIFLOZIN
CHEMBL1200409;
CHEMBL453904;EPOETIN BETA
CHEMBL1237099;N-METHYL-D-ASPARTIC ACID (NMDA)
CHEMBL2106226;PROMETHAZINE HYDROCHLORIDE
CHEMBL2105726;RG-1530
CHEMBL1200477;MK-1496
CHEMBL1088750;CICLOPROLOL
CHEMBL1795717;
CHEMBL2096643;
CHEMBL876;SAR-260301
CHEMBL9387;
CHEMBL108939;RIGOSERTIB SODIUM
CHEMBL3545165;
CHEMBL352205;COLTUXIMAB RAVTANSINE
CHEMBL3545399;
CHEMBL620;THIORIDAZINE HYDROCHLORIDE
CHEMBL551326;RO-194603
CHEMBL2078915;
CHEMBL2164238;CITIBRASINE
CHEMBL3039540;CHLORPROMAZINE HYDROCHLORIDE
CHEMBL1082552;
CHEMBL2108338;AZM-475271
CHEMBL3544942;OBINUTUZUMAB
CHEMBL115307;AZD3161
CHEMBL1593104;GONADORELIN
CHEMBL211471;NABOCTATE
CHEMBL1797639;
CHEMBL1334217;GR-127935
CHEMBL2109103;LY-255283
CHEMBL523685;ANTHRAQUINONE
CHEMBL2109297;CEDELIZUMAB
CHEMBL1709719;CARPERITIDE
CHEMBL2171124;
CHEMBL3545336;TEVERELIX
CHEMBL2218887;OSEMOZOTAN
CHEMBL3185148;LIRILUMAB
CHEMBL3545339;
CHEMBL3545244;RIVASTIGMINE TARTRATE
CHEMBL64119;DOXYCYCLINE
CHEMBL2109432;THYROXINE
CHEMBL235881;SUCRALFATE
CHEMBL2110618;
CHEMBL86537;
CHEMBL313938;AMLODIPINE MALEATE
CHEMBL608532;XEN403
CHEMBL188434;
CHEMBL25308;TRICETAMIDE
CHEMBL332794;
CHEMBL2177609;TUBACIN
CHEMBL498770;EPTINEZUMAB
CHEMBL2107311;DESMOTEPLASE
CHEMBL420746;LITHIUM
CHEMBL2109617;RAUWOLFIA SERPENTINA
CHEMBL2108680;QUINUCLIDINYL BENZILATE
CHEMBL286252;ADENOPHOSTIN A
CHEMBL3301589;
CHEMBL411070;DIHYDROTETRABENAZINE
CHEMBL1200373;TORIN1
CHEMBL494897;DABIGATRAN ETEXILATE MESYLATE
CHEMBL2105711;
CHEMBL475346;
CHEMBL2109092;
CHEMBL291278;ENDOXIFEN
CHEMBL1200750;
CHEMBL1980391;CIPEMASTAT
CHEMBL1614661;PF-04236921
CHEMBL3545077;PF-03882845
CHEMBL2110772;LUZINDOLE
CHEMBL515288;ABT 737
CHEMBL20963;
CHEMBL3545008;MAPATUMUMAB
CHEMBL495315;LS-104
CHEMBL2013119;OLSALAZINE SODIUM
CHEMBL1329101;MLNM-2201
CHEMBL2109286;TIPIRACIL HYDROCHLORIDE
CHEMBL1802728;METHYSERGIDE MALEATE
CHEMBL1200916;NEBENTAN
CHEMBL269366;
CHEMBL11348;CLAZAKIZUMAB
CHEMBL1668599;OPORTUZUMAB MONATOX
CHEMBL1713;AZD2516
CHEMBL89852;
CHEMBL3545150;
CHEMBL1743048;NEBOGLAMINE
CHEMBL3545208;KU-55933
CHEMBL1007;R-343
CHEMBL2106848;J-113,397
CHEMBL2048500;ROZROLIMUPAB
CHEMBL3544931;
CHEMBL15928;
CHEMBL15766;
CHEMBL55659;LURASIDONE HYDROCHLORIDE
CHEMBL2108266;
CHEMBL2104386;
CHEMBL14276;NERAMEXANE MESYLATE
CHEMBL2103945;PENBUTOLOL SULFATE
CHEMBL1742408;
CHEMBL2109500;DS-3078A
CHEMBL284615;
CHEMBL215645;
CHEMBL1200699;
CHEMBL42115;
CHEMBL2367706;QAF805
CHEMBL418854;PWT-33579
CHEMBL389348;AZALANSTAT
CHEMBL1200984;
CHEMBL3545091;FIGITUMUMAB
CHEMBL2177736;
CHEMBL2106468;UCN-01
CHEMBL1476646;PANTOPRAZOLE SODIUM
CHEMBL356769;LY-3007113
CHEMBL3833320;
CHEMBL2109084;
CHEMBL2146126;
CHEMBL3559672;[3H]-ZM-241385
CHEMBL12980;
CHEMBL204385;POMAGLUMETAD METHIONIL
CHEMBL406845;OXAMFLATIN
CHEMBL576222;CORREOLIDE
CHEMBL3545056;GSK2816126
CHEMBL1256459;BGT-226
CHEMBL1615369;VALERIAN
CHEMBL400874;ONO-3708
CHEMBL1794051;SULINDAC SULFIDE
CHEMBL2110365;AMEDIPLASE
CHEMBL1093458;
CHEMBL24781;
CHEMBL115653;
CHEMBL2109613;
CHEMBL3545175;HEMAY-022
CHEMBL286615;DOXYCYCLINE HYCLATE
CHEMBL376408;TENATUMOMAB
CHEMBL74505;DEPELESTAT
CHEMBL2108621;
CHEMBL3544997;TYRPHOSTIN AG 879
CHEMBL1201013;MK-2206
CHEMBL2109332;CYPROHEPTADINE HYDROCHLORIDE
CHEMBL65375;SPINORPHIN
CHEMBL1200938;XANTHINE AMINE CONGENER
CHEMBL2107760;LEBRIKIZUMAB
CHEMBL93655;RUCAPARIB CAMSYLATE
CHEMBL2108589;
CHEMBL1743052;
CHEMBL3545346;ABT-560
CHEMBL565591;TGN-1412
CHEMBL56543;CIPROXIFAN
CHEMBL1255840;EVT401
CHEMBL222102;CHELERYTHRINE
CHEMBL3545340;SODIUM NITRITE
CHEMBL357076;
CHEMBL2107859;GENTAMICIN
CHEMBL88588;CETRORELIX ACETATE
CHEMBL1093266;LINIFANIB
CHEMBL289498;SELEGILINE HYDROCHLORIDE
CHEMBL1615372;INOLIMOMAB
CHEMBL438914;
CHEMBL329011;
CHEMBL2106798;BIIB-022
CHEMBL1200363;LGX-806
CHEMBL37807;BMY-7378
CHEMBL3544963;LEVOMILNACIPRAN HYDROCHLORIDE
CHEMBL374027;IDRAPARINUX
CHEMBL282457;SCH-708980
CHEMBL120077;FULRANUMAB
CHEMBL2396778;PROCATEROL
CHEMBL3545204;INDACATEROL MALEATE
CHEMBL3545323;
CHEMBL70611;LY-2874455
CHEMBL543557;ASP7991
CHEMBL1743019;PSORALEN
CHEMBL38288;AME-133V
CHEMBL574737;
CHEMBL1200408;
CHEMBL3544998;SIBUTRAMINE HYDROCHLORIDE
CHEMBL578988;COBALT (II) ION
CHEMBL377193;
CHEMBL597997;N,N-HEXAMETHYLENEAMILORIDE
CHEMBL1628684;VIALININ A
CHEMBL297784;BRETYLIUM TOSYLATE
CHEMBL2110730;CR-3465
CHEMBL314389;
CHEMBL311283;
CHEMBL3287735;
CHEMBL3218578;PROCYCLIDINE HYDROCHLORIDE
CHEMBL2108165;BGT-226
CHEMBL266243;LMB-2
CHEMBL18797;SCH-23390
CHEMBL2108361;ABIRATERONE ACETATE
CHEMBL298475;
CHEMBL2311192;N-DESMETHYLCLOZAPINE
CHEMBL2062155;SIVELESTAT SODIUM
CHEMBL24777;
CHEMBL1201358;AZATADINE MALEATE
CHEMBL3545111;
CHEMBL1200567;GABAZINE
CHEMBL1743077;DABRAFENIB MESYLATE
CHEMBL2108025;
CHEMBL12296;CHLORMERODRIN
CHEMBL539947;LOBELINE
CHEMBL1079175;NGD-8243
CHEMBL1716;LEXACALCITOL
CHEMBL395493;
CHEMBL273094;TALAZOPARIB TOSYLATE
CHEMBL1743035;GW620972X
CHEMBL3833368;4'-HYDROXYTAMOXIFEN
CHEMBL2017291;
CHEMBL182310;FASINUMAB
CHEMBL3707354;ELDELUMAB
CHEMBL2109250;E-FLUPENTIXOL
CHEMBL14638;METHANTHELINE BROMIDE
CHEMBL3707396;PASCOLIZUMAB
CHEMBL13045;DERSALAZINE
CHEMBL93268;OLANZAPINE PAMOATE
CHEMBL1221601;BNTX
CHEMBL3039597;IRALUKAST
CHEMBL2103735;
CHEMBL223360;WHI-P131
CHEMBL1200904;
CHEMBL2108370;ENOKIZUMAB
CHEMBL171632;BUSERELIN
CHEMBL182150;
CHEMBL2109356;OLMESARTAN MEDOXOMIL
CHEMBL3545263;LOSARTAN POTASSIUM
CHEMBL13647;SULUKAST
CHEMBL2105732;ACOLBIFENE
CHEMBL1908845;MK-7246
CHEMBL2109460;PEMTUMOMAB
CHEMBL1743023;
CHEMBL160519;CLONIDINE HYDROCHLORIDE
CHEMBL1789842;
CHEMBL22778;[3H]PAROXETINE
CHEMBL3545264;SPIRAPRIL HYDROCHLORIDE
CHEMBL3545100;CUCURBITACIN I
CHEMBL164660;CONBERCEPT
CHEMBL2109346;HMPL-523
CHEMBL103772;
CHEMBL1289953;DOXYCYCLINE CALCIUM
CHEMBL1200765;CITALOPRAM HYDROBROMIDE
CHEMBL59093;
CHEMBL72862;PBF-999
CHEMBL501701;ASK-8007
CHEMBL2012938;IBALIZUMAB
CHEMBL1095292;SOLIMASTAT
CHEMBL3545273;
CHEMBL2181965;PARSATUZUMAB
CHEMBL584991;
CHEMBL3186774;
CHEMBL1761;PHENYRAMIDOL HYDROCHLORIDE
CHEMBL3545096;
CHEMBL2109367;
CHEMBL62;DIPHENHYDRAMINE HYDROCHLORIDE
CHEMBL271227;LONAPALENE
CHEMBL2385269;
CHEMBL845;LAPAQUISTAT ACETATE
CHEMBL2107493;GANITUMAB
CHEMBL513349;ABAPERIDONE
CHEMBL3544908;XL-844
CHEMBL3819473;DUPILUMAB
CHEMBL32503;CEP-11981
CHEMBL2105729;INTERFERON ALFA
CHEMBL188678;CAPREOMYCIN
CHEMBL2110562;LONAPRISAN
CHEMBL2103769;
CHEMBL3545227;IMC-3C5
CHEMBL432600;CAROTUXIMAB
CHEMBL351772;FASIDOTRILAT
CHEMBL3137318;DEGARELIX ACETATE
CHEMBL233001;METHOXY POLYETHYLENE GLYCOL-EPOETIN BETA
CHEMBL486;ISCHEMIN
CHEMBL1256911;
CHEMBL1697765;
CHEMBL2109528;
CHEMBL2109664;MIROGABALIN BESYLATE
CHEMBL42055;
CHEMBL1200988;PALOSURAN
CHEMBL2108119;METHYSERGIDE
CHEMBL2106406;ARDEPARIN SODIUM
CHEMBL1201741;
CHEMBL252172;
CHEMBL1206833;
CHEMBL72410;APAMIN
CHEMBL405130;ESTROGEN
CHEMBL1336959;
CHEMBL1743012;LY2624803
CHEMBL2110824;EZLOPITANT
CHEMBL1410015;CEP-7055
CHEMBL1200692;THIOPERAMIDE
CHEMBL995;CYCLIZINE LACTATE
CHEMBL278570;
CHEMBL68055;X-82
CHEMBL561132;GALLIC ACID
CHEMBL2109361;ST1535
CHEMBL1086968;L-21649
CHEMBL1705;ASM-024
CHEMBL45069;3-HYDROXY-3-METHYLGLUTARYL-COENZYME A
CHEMBL1628650;ACUMAPIMOD
CHEMBL1200831;ORDOPIDINE
CHEMBL387737;
CHEMBL2108313;RUSALATIDE
CHEMBL3545301;
CHEMBL1933348;
CHEMBL2364574;CNV2197944
CHEMBL1200781;CENDERITIDE
CHEMBL573107;CORTISONE
CHEMBL3545271;
CHEMBL2109530;VK-19911
CHEMBL1743029;
CHEMBL2107228;RASEGLURANT
CHEMBL1774204;
CHEMBL2109387;
CHEMBL2376441;SB-243213
CHEMBL460896;
CHEMBL1996759;AST-487
CHEMBL1628706;VITAMIN B12
CHEMBL41275;PROMAZINE HYDROCHLORIDE
CHEMBL1620;TOLTERODINE TARTRATE
CHEMBL36648;LADUVIGLUSIB
CHEMBL494896;
CHEMBL435224;
CHEMBL1743024;
CHEMBL151475;LEVOCABASTINE HYDROCHLORIDE
CHEMBL3544936;AZILSARTAN KAMEDOXOMIL
CHEMBL2108675;MEMANTINE HYDROCHLORIDE
CHEMBL2010872;
CHEMBL2108506;
CHEMBL2221250;SOTRASTAURIN ACETATE
CHEMBL146032;HEPARIN CALCIUM
CHEMBL537403;ROXINDOLE
CHEMBL2109602;
CHEMBL2109321;ESOMEPRAZOLE MAGNESIUM
CHEMBL325055;LOMITAPIDE MESYLATE
CHEMBL2028987;
CHEMBL3707314;ALOISINE
CHEMBL1615026;ETOPOSIDE PHOSPHATE
CHEMBL441618;
CHEMBL259026;PAMREVLUMAB
CHEMBL473967;
CHEMBL3545257;SB-258719
CHEMBL1088913;CINPANEMAB
CHEMBL567303;SAFOTIBANT
CHEMBL1065;PAZOPANIB HYDROCHLORIDE
CHEMBL1201448;
CHEMBL361355;JORO SPIDER TOXIN 3
CHEMBL257591;BALANOL
CHEMBL27885;NECITUMUMAB
CHEMBL525408;
CHEMBL592868;
CHEMBL2109269;IODOACETAMIDE
CHEMBL442494;LY2245461
CHEMBL3545287;
CHEMBL515966;TEPROTUMUMAB
CHEMBL346631;QUETIAPINE FUMARATE
CHEMBL3545218;GANTENERUMAB
CHEMBL260374;
CHEMBL1200497;
CHEMBL52422;
CHEMBL3545401;
CHEMBL288114;HOECHST 33258
CHEMBL197669;
CHEMBL3544927;
CHEMBL3707249;L19SIP 131I
CHEMBL1794644;
CHEMBL3545226;
CHEMBL3545010;
CHEMBL160318;
CHEMBL2111105;GLPG-0555
CHEMBL174356;METHSCOPOLAMINE BROMIDE
CHEMBL2311186;LORVOTUZUMAB MERTANSINE
CHEMBL3545286;TAS-115
CHEMBL3545172;DROLOXIFENE
CHEMBL2108721;DAPIROLIZUMAB PEGOL
CHEMBL111861;SULFOXONE SODIUM
CHEMBL468927;
CHEMBL279416;AT-13148
CHEMBL379787;PRODIGIOSIN
CHEMBL3545036;
CHEMBL277120;BEPOTASTINE BESYLATE
CHEMBL2079586;EPRATUZUMAB
CHEMBL14460;GW7845
CHEMBL460491;MLN3126
CHEMBL574738;RIVICICLIB
CHEMBL2375172;PEGAPTANIB OCTASODIUM
CHEMBL1200469;SCIO-323
CHEMBL1722209;TRAMETINIB DIMETHYL SULFOXIDE
CHEMBL412142;LFB-R603
CHEMBL255724;CYANOPINDOLOL
CHEMBL502882;VERTEPORFIN
CHEMBL2152332;PIRIDRONIC ACID
CHEMBL1237102;Ro-154513
CHEMBL2103795;AM-461
CHEMBL1699;CLOXYPENDYL
CHEMBL1290115;
CHEMBL1209431;CAL-263
CHEMBL2105655;GRANISETRON
CHEMBL1201513;DUSIGITUMAB
CHEMBL431367;RU-24969
CHEMBL1233686;
CHEMBL2146133;BIPERIDEN HYDROCHLORIDE
CHEMBL2105662;BERAPROST
CHEMBL20921;MONTELUKAST SODIUM
CHEMBL306498;FLUPHENAZINE HYDROCHLORIDE
CHEMBL1200645;QUINELORANE
CHEMBL1317823;PF-00562271
CHEMBL2109377;
CHEMBL207004;TRAMADOL
CHEMBL12264;MP-412
CHEMBL2109270;AEW-541
CHEMBL3833330;
CHEMBL1254771;
CHEMBL1201733;
CHEMBL329722;
CHEMBL313747;TALIZUMAB
CHEMBL60254;4SC-203
CHEMBL1743047;THIORPHAN
CHEMBL16997;REGRAMOSTIM
CHEMBL1161013;DNK333
CHEMBL276727;
CHEMBL3545389;
CHEMBL179691;MOGAMULIZUMAB
CHEMBL1743079;ARRY-382
CHEMBL1200911;CE-245677
CHEMBL1743025;
CHEMBL358653;FLUPHENAZINE DECANOATE
CHEMBL252937;VELIFLAPON
CHEMBL88272;GOSERELIN ACETATE
CHEMBL150830;LICARBAZEPINE
CHEMBL301735;
CHEMBL131171;HALOBETASOL PROPIONATE
CHEMBL2134202;
CHEMBL2109412;
CHEMBL88478;MOFAROTENE
CHEMBL329305;
CHEMBL3771228;VELDOREOTIDE
CHEMBL1254024;
CHEMBL3545249;STAMULUMAB
CHEMBL1201024;FOSBRETABULIN DISODIUM
CHEMBL1743037;THIOTHIXENE HYDROCHLORIDE
CHEMBL3545144;LEVOBUPIVACAINE HYDROCHLORIDE
CHEMBL487;8-OH-DPAT
CHEMBL2109478;
CHEMBL1200580;
CHEMBL2133556;M195
CHEMBL3544960;TUBOCURARINE CHLORIDE
CHEMBL275787;LEO-15520
CHEMBL44229;
CHEMBL1201759;SP-600125
CHEMBL2108404;MDX-447
CHEMBL106666;ESFLURBIPROFEN
CHEMBL3545268;SR-13668
CHEMBL3545283;GANTOFIBAN
CHEMBL2108752;METHOCTRAMINE
CHEMBL1614702;
CHEMBL2105741;BUROSUMAB
CHEMBL2109348;
CHEMBL378501;ATORVASTATIN CALCIUM
CHEMBL2218885;TESMILIFENE HYDROCHLORIDE
CHEMBL99369;LY2940094
CHEMBL6597;TOREMIFENE CITRATE
CHEMBL3545014;
CHEMBL2104176;OLESOXIME
CHEMBL1824446;SB-202190
CHEMBL3545160;SCH-58261
CHEMBL3545247;IMETELSTAT SODIUM
CHEMBL289469;CM-082
CHEMBL2109383;BPI-9016
CHEMBL2109355;PATRITUMAB
CHEMBL18785;METHYLLYCACONITINE
CHEMBL94021;
CHEMBL1201035;SELFOTEL
CHEMBL1207745;
CHEMBL1200681;TRIPTORELIN PAMOATE
CHEMBL1200792;NAFOXIDINE
CHEMBL155731;
CHEMBL1084546;
CHEMBL1232082;[3H]CITALOPRAM
CHEMBL1237044;
CHEMBL3545002;
CHEMBL551064;
CHEMBL186526;
CHEMBL560590;
CHEMBL1256957;TAK-960
CHEMBL177577;TIMOLOL MALEATE
CHEMBL515414;SOVATELITIDE
CHEMBL2107888;ARRY-502
CHEMBL3545358;VAPIPROST
CHEMBL10247;
CHEMBL2107881;ACAMPROSATE CALCIUM
CHEMBL105060;CINTREDEKIN BESUDOTOX
CHEMBL449090;
CHEMBL120768;CYCRIMINE HYDROCHLORIDE
CHEMBL1743041;CAPROSPINOL
CHEMBL3544959;CIMETIDINE HYDROCHLORIDE
CHEMBL3545120;
CHEMBL441472;RP-6530
CHEMBL1200854;LENIOLISIB
CHEMBL88712;
CHEMBL1200501;SERELAXIN
CHEMBL1067;GSK-461364
CHEMBL273807;ENOBLITUZUMAB
CHEMBL1200908;
CHEMBL1235767;ELOCALCITOL
CHEMBL1205894;NMS-1286937
CHEMBL146506;TRANYLCYPROMINE
CHEMBL185951;
CHEMBL3989911;
CHEMBL104784;INDOCYANINE GREEN
CHEMBL2108051;
CHEMBL289351;RAZOXANE
CHEMBL1200902;
CHEMBL1200749;DOCETAXEL
CHEMBL56;QUINPIROLE
CHEMBL499968;CANTUZUMAB MERTANSINE
CHEMBL483819;IODINE I 124 GIRENTUXIMAB
CHEMBL2109267;HEMICHOLINIUM-3
CHEMBL1687;R-1487
CHEMBL3545074;VALPROATE SODIUM
CHEMBL1908856;
CHEMBL1725279;LENERCEPT
CHEMBL2109391;
CHEMBL435298;
CHEMBL3545143;NALMEFENE HYDROCHLORIDE
CHEMBL78871;NEUROTENSIN
CHEMBL27673;TORALIZUMAB
CHEMBL99553;LXR-623
CHEMBL3707326;
CHEMBL88606;
CHEMBL393220;HYDROXYZINE PAMOATE
CHEMBL2107467;
CHEMBL3545406;
CHEMBL1200675;MECLIZINE HYDROCHLORIDE
CHEMBL3186227;AMANTADINE HYDROCHLORIDE
CHEMBL3545254;MUPARFOSTAT
CHEMBL278041;
CHEMBL17127;NEXTURASTAT A
CHEMBL2108702;BRUCINE
CHEMBL3545427;PHORBOL MYRISTATE ACETATE
CHEMBL3545236;PD-156707
CHEMBL2109406;
CHEMBL510275;YTTRIUM Y 90 CLIVATUZUMAB TETRAXETAN
CHEMBL181244;FLUPHENAZINE ENANTHATE
CHEMBL39664;ONCOLYSIN CD6
CHEMBL1221649;AR-20.5
CHEMBL1200554;
CHEMBL28211;
CHEMBL32582;
CHEMBL386369;NALOXONE HYDROCHLORIDE
CHEMBL1628605;METOPROLOL SUCCINATE
CHEMBL1609272;ATOROLIMUMAB
CHEMBL2386353;TEPLIZUMAB
CHEMBL1084513;SB-216763
CHEMBL579062;ADERBASIB
CHEMBL1945805;
CHEMBL2392545;
CHEMBL1200870;NABILONE
CHEMBL3188091;TAMOXIFEN CITRATE
CHEMBL3545109;EPLIVANSERIN FUMARATE
CHEMBL65030;HMN-214
CHEMBL294192;BI113823
CHEMBL2068724;
CHEMBL2108583;ASELIZUMAB
CHEMBL247471;VEPALIMOMAB
CHEMBL1200828;IC14
CHEMBL2386881;SONIDEGIB PHOSPHATE
CHEMBL1201051;BLISIBIMOD
CHEMBL336292;
CHEMBL3545141;BAPINEUZUMAB
CHEMBL3643413;AZD3514
CHEMBL3114673;BARBITURIC ACID
CHEMBL2108358;
CHEMBL1908394;PANCURONIUM BROMIDE
CHEMBL3545373;BX-795
CHEMBL291536;
CHEMBL3545094;
CHEMBL1094408;
CHEMBL3989843;ADECATUMUMAB
CHEMBL3545152;GUANETHIDINE MONOSULFATE
CHEMBL150315;
CHEMBL520107;AVELUMAB
CHEMBL1646;
CHEMBL1077819;ROLOFYLLINE
CHEMBL444186;CHLAMYDOCIN
CHEMBL285900;RHODAMINE123
CHEMBL3545252;PAMIDRONATE DISODIUM
CHEMBL240773;
CHEMBL1742997;DEXTROAMPHETAMINE SULFATE
CHEMBL2108713;BROMPHENIRAMINE MALEATE
CHEMBL268697;BALSALAZIDE DISODIUM
CHEMBL1766582;OCTREOTIDE ACETATE
CHEMBL433;BVT.115959
CHEMBL1208085;INDANTADOL
CHEMBL2108208;DENUFOSOL TETRASODIUM
CHEMBL578995;GR-55562
CHEMBL324017;
CHEMBL1201152;BUPROPION HYDROBROMIDE
CHEMBL407196;ENSITUXIMAB
CHEMBL2108747;FGF401
CHEMBL456237;METHAMPHETAMINE HYDROCHLORIDE
CHEMBL425190;
CHEMBL94631;MESULERGINE
CHEMBL1200467;
CHEMBL469212;DESVENLAFAXINE SUCCINATE
CHEMBL406375;DIPIVEFRIN HYDROCHLORIDE
CHEMBL1200590;
CHEMBL1569;AZD-1208
CHEMBL1615835;ENLIMOMAB PEGOL
CHEMBL1770295;
CHEMBL2179618;TINZAPARIN SODIUM
CHEMBL501756;
CHEMBL279115;CINACIGUAT
CHEMBL8981;
CHEMBL498270;TETANUS TOXOID
CHEMBL2108708;BMS-852927
CHEMBL1200951;AMG-108
CHEMBL2109485;SIMOTINIB
CHEMBL2109364;VAPITADINE DIHYDROCHLORIDE
CHEMBL3545022;DORZOLAMIDE HYDROCHLORIDE
CHEMBL3116050;EPROSARTAN MESYLATE
CHEMBL400111;PEXELIZUMAB
CHEMBL435278;
CHEMBL1718;
CHEMBL1200337;VOSORITIDE
CHEMBL2108258;MORPHINE SULFATE
CHEMBL1743078;OZORALIZUMAB
CHEMBL102714;ENALAPRIL MALEATE
CHEMBL2103790;LINACLOTIDE ACETATE
CHEMBL490890;
CHEMBL444449;
CHEMBL2218896;AMINOPOTENTIDINE
CHEMBL786;
CHEMBL2103845;MIDODRINE HYDROCHLORIDE
CHEMBL2107735;FROVATRIPTAN SUCCINATE
CHEMBL3545431;
CHEMBL3545386;
CHEMBL1231795;BELUMOSUDIL
CHEMBL2108575;
CHEMBL2108167;HEXAFLUORENIUM BROMIDE
CHEMBL3545430;
CHEMBL2109330;S-237648
CHEMBL3137317;DAUNORUBICIN CITRATE
CHEMBL2107877;PSEUDOEPHEDRINE POLISTIREX
CHEMBL3186179;
CHEMBL2108576;FLINDOKALNER
CHEMBL2346976;
CHEMBL574699;MK-4721
CHEMBL653;CSL-360
CHEMBL1200757;FRESOLIMUMAB
CHEMBL577784;BEFETUPITANT
CHEMBL473934;
CHEMBL422638;
CHEMBL228955;BOCOCIZUMAB
CHEMBL2108018;PIPECURONIUM BROMIDE
CHEMBL1345;
CHEMBL2169919;
CHEMBL3833373;
CHEMBL565789;METHIXENE HYDROCHLORIDE
CHEMBL52333;
CHEMBL2371450;HERBIMYCIN
CHEMBL176049;
CHEMBL676;GALANTAMINE HYDROBROMIDE
CHEMBL317935;IMISOPASEM MANGANESE
CHEMBL3544971;
CHEMBL1200961;
CHEMBL1200760;CB-189625
CHEMBL1200480;
CHEMBL3545409;STX107
CHEMBL3707400;
CHEMBL1767407;IRATUMUMAB
CHEMBL119264;FONTOLIZUMAB
CHEMBL177991;NECA
CHEMBL1201735;
CHEMBL1743013;ADENOSINE DIPHOSPHATE
CHEMBL3545293;SITAXENTAN SODIUM
CHEMBL3545421;
CHEMBL1200952;SPIRAMIDE
CHEMBL300914;CDP-860
CHEMBL12314;(S)-BICALUTAMIDE
CHEMBL1200594;TM30339
CHEMBL111576;
CHEMBL1201728;ACEBUTOLOL HYDROCHLORIDE
CHEMBL1200833;SAPROPTERIN DIHYDROCHLORIDE
CHEMBL489100;
CHEMBL3545423;
CHEMBL2108401;PHENELZINE SULFATE
CHEMBL4203266;CC-115
CHEMBL1201414;SOLIFENACIN SUCCINATE
CHEMBL131556;
CHEMBL1236936;CORTISTATIN-14
CHEMBL69733;
CHEMBL2108875;NORTRIPTYLINE HYDROCHLORIDE
CHEMBL3545047;SRX246
CHEMBL2109458;
CHEMBL3545235;FOSINOPRIL SODIUM
CHEMBL539843;QBW251
CHEMBL1201162;FLECAINIDE ACETATE
CHEMBL1200987;
CHEMBL2107979;THIOURACIL
CHEMBL266295;SERIDOPIDINE
CHEMBL58757;SATAVAPTAN
CHEMBL3707276;KYNURAMINE
CHEMBL2103744;MUSCARINE
CHEMBL1743054;DIMETHINDENE MALEATE
CHEMBL1200659;GSK163090
CHEMBL3301676;
CHEMBL224120;AFIMOXIFENE
CHEMBL164813;
CHEMBL72844;HYDROXYCHLOROQUINE SULFATE
CHEMBL1934835;MF101
CHEMBL1200461;
CHEMBL1200371;
CHEMBL444309;
CHEMBL1673046;METOCLOPRAMIDE HYDROCHLORIDE
CHEMBL2005186;
CHEMBL3545234;GLPG0492
CHEMBL3220860;
CHEMBL1200933;AFURESERTIB HYDROCHLORIDE
CHEMBL31741;LY-2606368
CHEMBL3545038;HE3235
CHEMBL1200475;CYCLOBENZAPRINE HYDROCHLORIDE
CHEMBL1201483;SGN-30
CHEMBL1184349;
CHEMBL266510;AMRUBICIN HYDROCHLORIDE
CHEMBL310871;
CHEMBL2109548;ZAPRINAST
CHEMBL2109327;
CHEMBL1743022;SAXAGLIPTIN HYDROCHLORIDE
CHEMBL204694;
CHEMBL2441082;LGH-447
CHEMBL608112;DAUNORUBICIN HYDROCHLORIDE
CHEMBL3137349;
CHEMBL1200722;
CHEMBL429298;PENTAMIDINE ISETHIONATE
CHEMBL490153;NERELIMOMAB
CHEMBL200381;DOMITROBAN
CHEMBL1200426;CPCCOET
CHEMBL1939495;
CHEMBL479533;PHA-680632
CHEMBL3545284;ARTEPILLIN
CHEMBL295770;IFETROBAN SODIUM
CHEMBL2096626;CARMOTEROL
CHEMBL1555;LACTOSE, ANHYDROUS
CHEMBL3544979;BIIB059
CHEMBL591666;BHQ-880
CHEMBL1398373;ANILINOQUINAZOLINE1
CHEMBL407848;ETIRINOTECAN PEGOL
CHEMBL3707378;
CHEMBL1671897;
CHEMBL3545037;CAFFEINE, CITRATED
CHEMBL2206331;ASAPIPRANT
CHEMBL2108612;
CHEMBL2108459;BURIMAMIDE
CHEMBL464859;CCX354
CHEMBL297812;PACLITAXEL POLIGLUMEX
CHEMBL3401292;IRX4310
CHEMBL14830;UBLITUXIMAB
CHEMBL2105740;CENISERTIB
CHEMBL53753;
CHEMBL79834;DISODIUM MALONATE
CHEMBL2109544;
CHEMBL124881;
CHEMBL3545106;
CHEMBL3545178;
CHEMBL260273;ECHOTHIOPHATE IODIDE
CHEMBL1200813;SOTALOL HYDROCHLORIDE
CHEMBL1201775;
CHEMBL1213082;DONEPEZIL HYDROCHLORIDE
CHEMBL2153434;PNU-99194A
CHEMBL1200895;OREXIN B
CHEMBL3545426;DRAFLAZINE
CHEMBL1200803;
CHEMBL1991816;AMPHETAMINE ADIPATE
CHEMBL1200697;
CHEMBL2448526;ABT-102
CHEMBL592893;ARACHIDONOYL DOPAMINE
CHEMBL1201156;
CHEMBL244243;GLUCAGON HYDROCHLORIDE
CHEMBL2370700;RIBOCICLIB SUCCINATE
CHEMBL3039596;
CHEMBL3545292;JNJ-17216498
CHEMBL1200822;p-Chloromercuribenzenesulfonate
CHEMBL86513;DOXEPIN HYDROCHLORIDE
CHEMBL345768;ROBATUMUMAB
CHEMBL2109650;IDARUBICIN HYDROCHLORIDE
CHEMBL3545388;IMPROMIDINE
CHEMBL2107777;ESTRADIOL DISULFATE
CHEMBL23319;PHENDIMETRAZINE
CHEMBL12587;CHLOROTHIAZIDE SODIUM
CHEMBL1870768;
CHEMBL1631540;DARIFENACIN HYDROBROMIDE
CHEMBL13668;
CHEMBL10041;A-119637
CHEMBL286607;PASIREOTIDE
CHEMBL1690;
CHEMBL3545411;
CHEMBL499301;SAQUINAVIR MESYLATE
CHEMBL2113342;
CHEMBL3545267;
CHEMBL2364667;NARINGIN
CHEMBL337246;TRIHEXYPHENIDYL HYDROCHLORIDE
CHEMBL3545021;
CHEMBL1200940;ETIDRONATE DISODIUM
CHEMBL1591918;
CHEMBL3545417;
CHEMBL1672380;SERTRALINE HYDROCHLORIDE
CHEMBL2219423;TIAGABINE HYDROCHLORIDE
CHEMBL3545377;ESTRAMUSTINE PHOSPHATE SODIUM
CHEMBL3545237;MK-6592
CHEMBL1200636;L-740093
CHEMBL2109256;
CHEMBL97450;TAK-715
CHEMBL481958;ALISKIREN FUMARATE
CHEMBL2349526;ULIMORELIN HYDROCHLORIDE
CHEMBL2109620;
CHEMBL28079;
CHEMBL80713;
CHEMBL1201743;DASOLAMPANEL
CHEMBL1672127;CANTUZUMAB RAVTANSINE
CHEMBL3545194;BETAXOLOL HYDROCHLORIDE
CHEMBL1563;BAY-1082439
CHEMBL1229592;
CHEMBL1766779;APAFANT
CHEMBL935;CALCITONIN SALMON RECOMBINANT
CHEMBL2108566;VALATEGRAST HYDROCHLORIDE
CHEMBL3301671;
CHEMBL337583;F16SIP 131I
CHEMBL486030;EMACTUZUMAB
CHEMBL363160;
CHEMBL456309;
CHEMBL3301674;CANAGLIFLOZIN
CHEMBL1094785;
CHEMBL417016;N6-CYCLOPENTYLADENOSINE
CHEMBL3833308;RACEPHEDRINE HYDROCHLORIDE
CHEMBL2109381;
CHEMBL382590;
CHEMBL3039558;CAL
CHEMBL1965818;
CHEMBL240524;PONEZUMAB
CHEMBL1200569;
CHEMBL3545043;CER-002
CHEMBL259327;
CHEMBL12160;RUCLOSPORIN
CHEMBL3545404;KB-004
CHEMBL2108628;DAPIPRAZOLE HYDROCHLORIDE
CHEMBL3545173;PF-05089771
CHEMBL2108354;BALAMAPIMOD
CHEMBL1967878;VAMOROLONE
CHEMBL1179605;LERDELIMUMAB
CHEMBL359504;
CHEMBL1358525;
CHEMBL1521361;
CHEMBL36326;DALANTERCEPT
CHEMBL551223;PIRENPERONE
CHEMBL1200367;OXYBUTYNIN CHLORIDE
CHEMBL1700;INCB-40093
CHEMBL2386188;SOYBEAN OIL
CHEMBL1678;OXELUMAB
CHEMBL16410;
CHEMBL413434;
CHEMBL1628717;MOTILIN
CHEMBL133434;VINORELBINE TARTRATE
CHEMBL1200387;PERGOLIDE MESYLATE
CHEMBL2113346;DB959
CHEMBL398338;
CHEMBL138921;SAR-125844
CHEMBL569864;VOLINANSERIN
CHEMBL2109299;THELIATINIB
CHEMBL1201618;NALDEMEDINE TOSYLATE
CHEMBL3707266;HUHMFG1
CHEMBL559569;IMETELSTAT
CHEMBL3545030;METELIMUMAB
CHEMBL1909428;
CHEMBL1628234;LAS190792
CHEMBL1743064;AMBENONIUM CHLORIDE
CHEMBL1200976;VANUTIDE CRIDIFICAR
CHEMBL12608;PENTAZOCINE LACTATE
CHEMBL1162492;XANOMELINE TARTRATE
CHEMBL1744;SB-85635
CHEMBL1200616;MLN-0415
CHEMBL2069623;TAS-119
CHEMBL1200935;
CHEMBL480249;PILOCARPINE HYDROCHLORIDE
CHEMBL268758;
CHEMBL3039583;BUPIVACAINE HYDROCHLORIDE
CHEMBL1562432;ALACIZUMAB PEGOL
CHEMBL318707;TILDRAKIZUMAB
CHEMBL282042;
CHEMBL1256998;RUPLIZUMAB
CHEMBL103134;AMATUXIMAB
CHEMBL451532;RETINYL ACETATE
CHEMBL1092;
CHEMBL362051;WEDELOLACTONE
CHEMBL1201042;PG-102
CHEMBL45002;FESOTERODINE FUMARATE
CHEMBL292779;
CHEMBL1709;CHLORPHENIRAMINE POLISTIREX
CHEMBL1695;PAROXETINE MESYLATE
CHEMBL1200721;MSC-2364447
CHEMBL3545378;
CHEMBL420783;RITODRINE HYDROCHLORIDE
CHEMBL183460;RALOXIFEN
CHEMBL2109652;HEXOCYCLIUM METHYLSULFATE
CHEMBL363648;AZD-4769
CHEMBL3545059;BUTEIN
CHEMBL1923502;FLUMETHASONE PIVALATE
CHEMBL2179387;
CHEMBL332826;DALTEPARIN SODIUM
CHEMBL2110363;PHA-665752
CHEMBL2103869;
CHEMBL1742998;CAPLACIZUMAB
CHEMBL1691;SU-014813
CHEMBL3545245;EFLORNITHINE HYDROCHLORIDE
CHEMBL10332;METHYLERGONOVINE MALEATE
CHEMBL280164;DEMECARIUM BROMIDE
CHEMBL1201661;INCB-047986
CHEMBL2107382;DEVAZEPIDE
CHEMBL2007421;AKN-028
CHEMBL2109584;IMMEPIP
CHEMBL3545370;CAPESEROD
CHEMBL392760;IDRAPARINUX SODIUM
CHEMBL228043;
CHEMBL2103841;
CHEMBL77538;
CHEMBL68738;
CHEMBL2104837;RESLIZUMAB
CHEMBL410456;BRL-15,572
CHEMBL39372;
CHEMBL2109562;DAVALINTIDE
CHEMBL464651;NBQX
CHEMBL1743058;
CHEMBL312245;MILATAXEL
CHEMBL3544958;BW-723C86 hydrochloride
CHEMBL404939;
CHEMBL1201258;TROSPIUM CHLORIDE
CHEMBL3707272;ESUBERAPROST
CHEMBL2109398;DWP05195
CHEMBL1201044;BICARBONATE
CHEMBL3545171;PLOVAMER ACETATE
CHEMBL2104954;
CHEMBL3707311;CYC-116
CHEMBL2108967;
CHEMBL179583;
CHEMBL270738;
CHEMBL76273;
CHEMBL2109662;MENTHOL
CHEMBL18331;LOPERAMIDE HYDROCHLORIDE
CHEMBL1133;
CHEMBL3545054;TECALCET HYDROCHLORIDE
CHEMBL1201485;DEXTROMETHORPHAN HYDROBROMIDE
CHEMBL2108720;INTERLEUKIN 1BETA
CHEMBL3545099;
CHEMBL77287;CAPADENOSON
CHEMBL2169920;
CHEMBL2372767;CHLOROPICRIN
CHEMBL538943;SONTUZUMAB
CHEMBL1275;LENTINAN
CHEMBL3545176;OLEIC ACID
CHEMBL285718;
CHEMBL3545325;
CHEMBL74355;WAY-100,635
CHEMBL3545180;SAR-566658
CHEMBL3039508;PRITUMUMAB
CHEMBL2109637;RPR749
CHEMBL2107856;VORSETUZUMAB MAFODOTIN
CHEMBL2108431;[3H]KETANSERIN
CHEMBL437348;TRIPARANOL
CHEMBL3545272;
CHEMBL1200541;CUSTIRSEN
CHEMBL2108058;DRINABANT
CHEMBL1200327;MICROCYSTIN-LR
CHEMBL2336050;MILATUZUMAB
CHEMBL3545384;GSK2849466
CHEMBL3545265;
CHEMBL3545326;DIHYDROSPINGOSINE
CHEMBL485862;
CHEMBL1200330;
CHEMBL2141478;TIZANIDINE HYDROCHLORIDE
CHEMBL1200396;
CHEMBL1742983;
CHEMBL2108681;HALOFANTRINE HYDROCHLORIDE
CHEMBL453730;
CHEMBL2108767;RG3487
CHEMBL2109340;PRASUGREL HYDROCHLORIDE
CHEMBL1742984;AZATHIOPRINE SODIUM
CHEMBL486193;
CHEMBL80472;HYDRAZINE
CHEMBL97453;ROTTLERIN
CHEMBL2109475;
CHEMBL1201765;ROMOSOZUMAB
CHEMBL1321988;LAS101057
CHEMBL1201659;BUSERELIN ACETATE
CHEMBL1200609;
CHEMBL3545193;FOSBRETABULIN TROMETHAMINE
CHEMBL1241674;FANANSERIN
CHEMBL3833309;HYDROXYZINE HYDROCHLORIDE
CHEMBL1201160;CABOZANTINIB S-MALATE
CHEMBL1079109;RIZATRIPTAN BENZOATE
CHEMBL1626570;
CHEMBL422872;
CHEMBL128000;LY545694
CHEMBL1200877;
CHEMBL3103988;
CHEMBL1201460;
CHEMBL450786;
CHEMBL71053;
CHEMBL2109624;AMIODARONE HYDROCHLORIDE
CHEMBL1721885;KAINIC ACID
CHEMBL1201037;
CHEMBL1200843;AS-1409
CHEMBL1200514;
CHEMBL3545225;FTY720-P
CHEMBL9506;LY-293284
CHEMBL3545281;OXYMORPHONE HYDROCHLORIDE
CHEMBL2110594;PLX-5622
CHEMBL18661;DAPAGLIFLOZIN PROPYLENE GLYCOL
CHEMBL2027925;(S)-PIA
CHEMBL1908371;GLYCYLSARCOSINE
CHEMBL466253;
CHEMBL363211;ONCOLYSIN M
CHEMBL377219;GIRENTUXIMAB
CHEMBL3182437;TABIMORELIN
CHEMBL2107884;VICRIVIROC MALEATE
CHEMBL534232;PHENYLARSINE OXIDE
CHEMBL1256845;MORIN
CHEMBL2105635;COBIMETINIB FUMARATE
CHEMBL222519;ILLUDALIC ACID
CHEMBL9843;DIMETHISTERONE
CHEMBL2107759;TAPENTADOL HYDROCHLORIDE
CHEMBL1600780;ALICAFORSEN
CHEMBL3586011;ZOLIMOMAB ARITOX
CHEMBL3084748;LY-2382770
CHEMBL3137314;
CHEMBL3545229;BENZPHETAMINE HYDROCHLORIDE
CHEMBL1161632;RUXOLITINIB PHOSPHATE
CHEMBL2108712;SPEBRUTINIB BESYLATE
CHEMBL305801;FENTANYL HYDROCHLORIDE
CHEMBL482967;SCRIPTAID
CHEMBL450441;ANTAQ
CHEMBL3716578;
CHEMBL239767;
CHEMBL1669669;TABALUMAB
CHEMBL256087;
CHEMBL1707;ALENDRONATE SODIUM
CHEMBL565269;MEPOLIZUMAB
CHEMBL2107572;
CHEMBL1256818;OXYPHENCYCLIMINE HYDROCHLORIDE
CHEMBL2074848;
CHEMBL421362;RG7342
CHEMBL3235279;PLX-8394
CHEMBL284861;AZD-6703
CHEMBL1327143;
CHEMBL2108341;AZD-2014
CHEMBL2108209;
CHEMBL8659;OMTRIPTOLIDE SODIUM
CHEMBL1672105;GSK-249320
CHEMBL194764;
CHEMBL31354;
CHEMBL2109635;PBF-509
CHEMBL2108045;
CHEMBL3545331;ONTAMALIMAB
CHEMBL2108672;
CHEMBL1628637;ONCOLYSIN S
CHEMBL187709;OXYMETAZOLINE HYDROCHLORIDE
CHEMBL174588;
CHEMBL2108309;PHACLOFEN
CHEMBL3545166;F16IL2
CHEMBL444092;LY2623091
CHEMBL2105765;MT-3995
CHEMBL1743040;GATAPARSEN
CHEMBL3545046;LEVOBUNOLOL HYDROCHLORIDE
CHEMBL99951;VOCLOSPORIN
CHEMBL448741;INSULIN PURIFIED PORK
CHEMBL432713;
CHEMBL491491;OLOKIZUMAB
CHEMBL1200329;GONADORELIN ACETATE
CHEMBL267615;
CHEMBL88612;
CHEMBL1200901;
CHEMBL288174;
CHEMBL3544952;ADENOSINE DIPHOSPHATE RIBOSE
CHEMBL1201773;RAPACURONIUM BROMIDE
CHEMBL1200400;MEDI-500
CHEMBL1255655;ALBINTERFERON ALFA-2B
CHEMBL1237174;VORAPAXAR SULFATE
CHEMBL34241;PRT-2607
CHEMBL210309;SB-224289
CHEMBL2107874;PG-110
CHEMBL1672627;CHLORPHENIRAMINE MALEATE
CHEMBL2106198;
CHEMBL27041;CLIDINIUM BROMIDE
CHEMBL2105643;VARENICLINE
CHEMBL83894;
CHEMBL1201007;ARGIPRESTOCIN
CHEMBL2103868;NARATRIPTAN HYDROCHLORIDE
CHEMBL1201032;BCG VACCINE
CHEMBL3290331;
CHEMBL1210015;INSULIN PORK
CHEMBL3545161;TAK-441
CHEMBL2164602;ANGIOTENSIN III
CHEMBL1770297;METAPROTERENOL SULFATE
CHEMBL525191;G1T28-1
CHEMBL261237;
CHEMBL308183;
CHEMBL1083993;DOPAMINE HYDROCHLORIDE
CHEMBL275040;ATACICEPT
CHEMBL2018875;VELTUZUMAB
CHEMBL2109413;
CHEMBL237236;PEGSUNERCEPT
CHEMBL366208;ZOLPIDEM TARTRATE
CHEMBL276031;
CHEMBL1200794;(-)-OLEOCANTHAL
CHEMBL3545079;
CHEMBL2103802;
CHEMBL420705;
CHEMBL175737;KW-2450
CHEMBL472273;IMD-0354
CHEMBL2109520;MM-121
CHEMBL1743027;
CHEMBL281764;
CHEMBL2107384;
CHEMBL477683;
CHEMBL28626;TAREXTUMAB
CHEMBL2364607;GEVOKIZUMAB
CHEMBL506661;BELNACASAN
CHEMBL2106347;FURTRETHONIUM
CHEMBL1201777;
CHEMBL2108326;TETRAHYDROZOLINE HYDROCHLORIDE
CHEMBL2108785;
CHEMBL2109585;
CHEMBL574602;LIGELIZUMAB
CHEMBL3544906;TREMELIMUMAB
CHEMBL1795071;SIFALIMUMAB
CHEMBL3301600;ZYKLOPHIN
CHEMBL1201159;SB-222200
CHEMBL96051;SOLCITINIB
CHEMBL169736;AFEGOSTAT TARTRATE
CHEMBL338522;
CHEMBL327002;
CHEMBL1743075;
CHEMBL446325;
CHEMBL675;ONO-2333MS
CHEMBL2108429;
CHEMBL586058;ADEFOVIR
CHEMBL1200891;
CHEMBL1604848;
CHEMBL3545203;VOBARILIZUMAB
CHEMBL3545005;TRIMEPRAZINE TARTRATE
CHEMBL2031465;NALOXEGOL OXALATE
CHEMBL493241;
CHEMBL1078983;PYRITHIONE ZINC
CHEMBL1476810;PARATHION
CHEMBL2104976;DESMOSTEROL
CHEMBL2109573;PROPIOMAZINE HYDROCHLORIDE
CHEMBL323356;CYPROTERONE
CHEMBL431298;TNP-ATP
CHEMBL3545009;NONACOG ALFA
CHEMBL112816;SIBENADET
CHEMBL2109511;MEQUITAZINE
CHEMBL2110360;SOTATERCEPT
CHEMBL2109634;SKF-38393
CHEMBL1200791;
CHEMBL1255781;DEMCIZUMAB
CHEMBL1255941;
CHEMBL2109583;LANDOGROZUMAB
CHEMBL3545275;
CHEMBL3545392;MIPOMERSEN
CHEMBL2219774;
CHEMBL1201177;
CHEMBL2218919;GUGGULSTERONE
CHEMBL1201630;
CHEMBL252764;TASIDOTIN
CHEMBL1743050;
CHEMBL1200511;
CHEMBL291890;MBX-8025
CHEMBL73341;NALBUPHINE HYDROCHLORIDE
CHEMBL155917;GSK-579289A
CHEMBL310840;OBLIMERSEN
CHEMBL1161865;PLACULUMAB
CHEMBL1200549;PF-05019702
CHEMBL2109592;INEBILIZUMAB
CHEMBL2107842;
CHEMBL2107386;PAC-14028
CHEMBL3545138;
CHEMBL281350;
CHEMBL2109526;TRIDIHEXETHYL CHLORIDE
CHEMBL1659;ORG-34517
CHEMBL351042;
CHEMBL359713;TYRPHOSTIN AG-1478
CHEMBL1200950;
CHEMBL2105235;TRYPTANTHRIN
CHEMBL1396;MEPENZOLATE BROMIDE
CHEMBL2218935;GALACTITOL
CHEMBL2370156;
CHEMBL1200601;FONDAPARINUX SODIUM
CHEMBL2108905;
CHEMBL210833;
CHEMBL1201539;LEVOBETAXOLOL HYDROCHLORIDE
CHEMBL2205230;TOVETUMAB
CHEMBL56448;TELISOTUZUMAB
CHEMBL1200812;SODIUM HEPARIN
CHEMBL3544940;PLX-7486
CHEMBL326418;PYRAZOFURIN
CHEMBL274226;CANGRELOR TETRASODIUM
CHEMBL1557;NALTREXONE HYDROCHLORIDE
CHEMBL1742986;NAMILUMAB
CHEMBL3545105;CONANTOKIN G
CHEMBL1743088;
CHEMBL27508;
CHEMBL1743057;ULIPRISTAL ACETATE
CHEMBL1723343;SYL-1001
CHEMBL387049;(CYCLOHEXYLAMINO)METHYLENEDIPHOSPHONIC ACID
CHEMBL2172394;LEUPROLIDE ACETATE
CHEMBL2028907;
CHEMBL411250;DIETHYLPROPION HYDROCHLORIDE
CHEMBL329383;BUTORPHANOL TARTRATE
CHEMBL81927;
CHEMBL3545156;
CHEMBL3545089;AZD4818
CHEMBL2109397;CGP-37849
CHEMBL2109402;DYNORPHIN B
CHEMBL1630098;NEFAZODONE HYDROCHLORIDE
CHEMBL2107754;CI-988
CHEMBL66114;TOPSALYSIN
CHEMBL1629855;OTELIXIZUMAB
CHEMBL358015;ALECTINIB HYDROCHLORIDE
CHEMBL3301588;TRIPELENNAMINE HYDROCHLORIDE
CHEMBL1743026;
CHEMBL2107819;TUCOTUZUMAB CELMOLEUKIN
CHEMBL2110739;DIDEMNIN B
CHEMBL339105;GUANIDINONALTRINDOLE
CHEMBL4297395;A-349,821
CHEMBL1200413;
CHEMBL116757;Y-39983
CHEMBL3545016;
CHEMBL1671887;MDX-1342
CHEMBL2109457;MK-0773
CHEMBL2108658;
CHEMBL1743069;METHOTREXATE SODIUM
CHEMBL2372399;FR-79620
CHEMBL10284;
CHEMBL3301606;PD-0166285
CHEMBL2105671;PHENYLEPHRINE HYDROCHLORIDE
CHEMBL363743;AS-703988
CHEMBL25918;
CHEMBL1628262;
CHEMBL2104421;LORGLUMIDE
CHEMBL1412853;BUPRENORPHINE HYDROCHLORIDE
CHEMBL3545034;A-286982
CHEMBL76399;ONDANSETRON HYDROCHLORIDE
CHEMBL484;IPAFRICEPT
CHEMBL2158686;RENZAPRIDE
CHEMBL206387;PRS-211375
CHEMBL3833343;BMY-14802
CHEMBL1713082;
CHEMBL2219416;PLOZALIZUMAB
CHEMBL2153161;MOXETUMOMAB PASUDOTOX
CHEMBL3392049;PINACIDIL
CHEMBL261919;
CHEMBL3545416;
CHEMBL455876;
CHEMBL1201068;LUNACALCIPOL
CHEMBL142130;METHYLNALTREXONE BROMIDE
CHEMBL1163419;CUSTIRSEN SODIUM
CHEMBL2109205;FENCLONINE
CHEMBL82663;SAR-407899
CHEMBL1908311;ETARACIZUMAB
CHEMBL1743073;BMS-223131
CHEMBL286080;
CHEMBL85606;DICYCLOMINE HYDROCHLORIDE
CHEMBL2109384;
CHEMBL311626;CIMAGLERMIN ALFA
CHEMBL3545072;BGC-20-1531 FREE BASE
CHEMBL571153;TEBIPENEM
CHEMBL2219536;MK-0752
CHEMBL419627;
CHEMBL345214;
CHEMBL410683;AZD-0424
CHEMBL357834;AZD-7451
CHEMBL2111109;ODULIMOMAB
CHEMBL74121;UTOMILUMAB
CHEMBL2029821;LY2828360
CHEMBL3545019;LANEPITANT
CHEMBL1201132;
CHEMBL1794070;
CHEMBL2108324;IONOMYCIN
CHEMBL2108739;
CHEMBL3545239;
CHEMBL2109334;AMYLIN
CHEMBL59821;
CHEMBL3707398;MK-6913
CHEMBL287327;TERUTROBAN
CHEMBL592652;MDX-070
CHEMBL1200771;AMG-548
CHEMBL3545391;
CHEMBL300662;
CHEMBL3301623;
CHEMBL7917;
CHEMBL54044;INK-1117
CHEMBL306946;RWJ-67657
CHEMBL1724;RUSALATIDE ACETATE
CHEMBL1773904;TTP-607
CHEMBL56331;FOTEMUSTINE
CHEMBL1200644;LEXATUMUMAB
CHEMBL26116;
CHEMBL417149;SARILUMAB
CHEMBL1200837;
CHEMBL2364651;
CHEMBL3545419;PYRILAMINE MALEATE
CHEMBL526514;IMETIT
CHEMBL3545381;ASCRINVACUMAB
CHEMBL2105330;
CHEMBL1097279;SECRETIN SYNTHETIC PORCINE
CHEMBL2062265;PSEUDOEPHEDRINE HYDROCHLORIDE
CHEMBL1201149;
CHEMBL1743044;
CHEMBL525025;
CHEMBL1221944;
CHEMBL221445;
CHEMBL260538;DABUZALGRON
CHEMBL3707356;
CHEMBL56253;BETAMETHASONE BENZOATE
CHEMBL1200775;
CHEMBL1526649;
CHEMBL1693;
CHEMBL299400;ANTALARMIN
CHEMBL143360;
CHEMBL299799;
CHEMBL2178570;GALLAMINE
CHEMBL29811;SAR-407899
CHEMBL500830;ALFIMEPRASE
CHEMBL1200492;DIGERANYL BISPHOSPHONATE
CHEMBL2062154;INCOBOTULINUMTOXINA
CHEMBL2364656;SERGLIFLOZIN ETABONATE
CHEMBL1743053;PROTOKYLOL HYDROCHLORIDE
CHEMBL3707320;
CHEMBL1200446;RG-7160
CHEMBL179281;CARBIDOPA
CHEMBL2108660;AL-901
CHEMBL2304286;PERINDOPRIL ERBUMINE
CHEMBL485832;ARECAIDINE PROPARGYL ESTER
CHEMBL27979;AQW051
CHEMBL10009;HEXESTROL
CHEMBL571948;
CHEMBL1895774;TIOTROPIUM BROMIDE
CHEMBL2109337;PIRINIXIC ACID
CHEMBL3545333;RG-7167
CHEMBL68211;
CHEMBL3244648;
CHEMBL6893;RO-316233
CHEMBL2338352;SB590885
CHEMBL3545196;552-02
CHEMBL1200339;NIMOTUZUMAB
CHEMBL3545243;
CHEMBL464552;
CHEMBL352396;TC-6987
CHEMBL24938;MK-1029
CHEMBL2368861;IGN-101
CHEMBL19677;MOTESANIB DIPHOSPHATE
CHEMBL1201111;ELSILIMOMAB
CHEMBL3301577;ATOMOXETINE HYDROCHLORIDE
CHEMBL159825;AMPHETAMINE SULFATE
CHEMBL3545290;SILYBIN B
CHEMBL60859;SARIZOTAN HYDROCHLORIDE
CHEMBL235641;GUANABENZ ACETATE
CHEMBL3707228;MAVRILIMUMAB
CHEMBL1743043;INOTUZUMAB OZOGAMICIN
CHEMBL1200338;
CHEMBL2170470;DENINTUZUMAB MAFODOTIN
CHEMBL1829173;MOLINDONE HYDROCHLORIDE
CHEMBL298972;LEVALLORPHAN TARTRATE
CHEMBL2105705;SS1(DSFV)-PE38
CHEMBL1201770;SIPLIZUMAB
CHEMBL2219773;LECANEMAB
CHEMBL1256351;ASTUPROTIMUT-R
CHEMBL1667969;
CHEMBL1201732;
CHEMBL1743014;RINTATOLIMOD
CHEMBL222460;
CHEMBL491316;TECHNETIUM TC 99M TILMANOCEPT
CHEMBL1200479;ADOZELESIN
CHEMBL373011;MEGLUMINE
CHEMBL3039542;
CHEMBL1628698;PATECLIZUMAB
CHEMBL576981;
CHEMBL4205422;
CHEMBL1094763;
CHEMBL2311194;EPITINIB
CHEMBL3545177;MAB-425
CHEMBL3545179;NILOTINIB HYDROCHLORIDE MONOHYDRATE
CHEMBL2109177;
CHEMBL3707324;
CHEMBL3545033;NEUROKININ A
CHEMBL42407;
CHEMBL2448578;
CHEMBL500272;
CHEMBL501617;
CHEMBL13990;PURPURIN
CHEMBL1628667;
CHEMBL2401866;GRC-6211
CHEMBL214021;NOREPINEPHRINE BITARTRATE
CHEMBL3545274;JNJ-7777120
CHEMBL2107786;AZD8108
CHEMBL2109555;
CHEMBL585902;
CHEMBL397209;
CHEMBL366266;IRINOTECAN HYDROCHLORIDE HYDRATE
CHEMBL550577;CLEMASTINE FUMARATE
CHEMBL2109262;FALECALCITRIOL
CHEMBL179334;POLATUZUMAB VEDOTIN
CHEMBL3545055;
CHEMBL190333;PG-760564
CHEMBL2107369;
CHEMBL3545327;TRIMETHAPHAN CAMSYLATE
CHEMBL549386;
CHEMBL1743036;PEGAPTANIB SODIUM
CHEMBL212233;AG-13958
CHEMBL2108730;DIHYDROERGOTAMINE MESYLATE
CHEMBL1543306;CARIPRAZINE HYDROCHLORIDE
CHEMBL34155;LH (MENOTROPINS)
CHEMBL1201006;VONAPANITASE
CHEMBL19439;
CHEMBL2109295;
CHEMBL1256682;
CHEMBL1201616;
CHEMBL1200724;SODIUM ORTHOVANAD
CHEMBL76128;GW632580X
CHEMBL152543;
CHEMBL1760248;MIFAMURTIDE
CHEMBL189568;LABETUZUMAB
CHEMBL33884;MILVETEROL HYDROCHLORIDE
CHEMBL257978;
CHEMBL86828;BEVACIZUMAB 111IN
CHEMBL1200376;
CHEMBL420806;CARBACYCLIN
CHEMBL202721;BRONTICTUZUMAB
CHEMBL2431090;
CHEMBL296641;WARFARIN SODIUM
CHEMBL410873;
CHEMBL437758;CORT 108297
CHEMBL360055;PIOGLITAZONE HYDROCHLORIDE
CHEMBL3545341;
CHEMBL2108893;
CHEMBL258994;
CHEMBL2108035;RIVENPROST
CHEMBL450044;FARLETUZUMAB
CHEMBL1200893;
CHEMBL373780;
CHEMBL2109393;DYNORPHIN A (1-17)
CHEMBL1200748;SODIUM MOLYBDATE
CHEMBL2109455;
CHEMBL1200343;CROTEDUMAB
CHEMBL128365;AZD8683
CHEMBL3545232;
CHEMBL6615;ADOPRAZINE
CHEMBL152133;5-METHOXYTRYPTAMINE
CHEMBL3545181;VISNAGIN
CHEMBL295416;TAFAMIDIS MEGLUMINE
CHEMBL3545383;NORETHINDRONE ACETATE
CHEMBL28000;ZIPRASIDONE MESYLATE
CHEMBL173031;RANITIDINE BISMUTH CITRATE
CHEMBL266487;AMG-900
CHEMBL477989;NICOTINIC ACID ADENINE DINUCLEOTIDE PHOSPHATE
CHEMBL212432;SODIUM SALICYLATE
CHEMBL2108359;KD3010
CHEMBL1951683;DAMGO
CHEMBL145233;LUCATUMUMAB
CHEMBL3545410;
CHEMBL3545031;AZELASTINE HYDROCHLORIDE
CHEMBL2109259;
CHEMBL2107357;ZINTEROL
CHEMBL2108591;
CHEMBL1702;FAXELADOL
CHEMBL501;TELBERMIN
CHEMBL592675;INSULIN SUSP ISOPHANE PURIFIED PORK
CHEMBL2146110;NESVACUMAB
CHEMBL1200560;PITAVASTATIN CALCIUM
CHEMBL1743039;
CHEMBL2108611;BISANTRENE
CHEMBL435323;
CHEMBL3545371;SB-431542
CHEMBL1200419;APLAVIROC HYDROCHLORIDE
CHEMBL2062276;
CHEMBL2109516;
CHEMBL2108742;CAFUSERTIB
CHEMBL3833321;DENENICOKIN
CHEMBL2108705;
CHEMBL254575;
CHEMBL219160;Para-Hydroxymercuribenzoic acid
CHEMBL2107862;
CHEMBL173898;AFELIMOMAB
CHEMBL2108726;
CHEMBL35493;
CHEMBL1200570;BI-811283
CHEMBL1717890;
CHEMBL1908338;GALIXIMAB
CHEMBL2138601;
CHEMBL1743056;ESTRADIOL DIPROPIONATE
CHEMBL251073;ANATUMOMAB MAFENATOX
CHEMBL507824;DALOTUZUMAB
CHEMBL561708;ANDECALIXIMAB
CHEMBL3545121;BMS-345541
CHEMBL2109390;SITAGLIPTIN PHOSPHATE
CHEMBL2109517;
CHEMBL1201740;CILOSTAMIDE
CHEMBL275667;MILAMELINE
CHEMBL140278;KRN-330
CHEMBL217406;
CHEMBL340868;PAXILLINE
CHEMBL1332062;ERLOTINIB HYDROCHLORIDE
CHEMBL1553629;DELTORPHIN II
CHEMBL1275655;DALTROBAN
CHEMBL294264;
CHEMBL332347;ALISERTIB SODIUM
CHEMBL3545107;
CHEMBL1356607;XEN-D0501
CHEMBL129198;ELETRIPTAN HYDROBROMIDE
CHEMBL3707355;N-METHYLHISTAMINE
CHEMBL321845;
CHEMBL593013;CLX-0921
CHEMBL28992;
CHEMBL1200512;EMIBETUZUMAB
CHEMBL1200795;ABOBOTULINUMTOXINA
CHEMBL2106158;DROTRECOGIN ALFA (ACTIVATED)
CHEMBL3301582;ITOLIZUMAB
CHEMBL1416728;
CHEMBL3545398;LAMPALIZUMAB
CHEMBL285755;OXPRENOATE POTASSIUM
CHEMBL1245;VOLOCIXIMAB
CHEMBL241327;TRAMADOL HYDROCHLORIDE
CHEMBL1201421;
CHEMBL3545335;
CHEMBL1200517;CETIRIZINE HYDROCHLORIDE
CHEMBL2024517;PROCHLORPERAZINE MALEATE
CHEMBL1201697;LENVATINIB MESYLATE
CHEMBL3545070;HYALURONIC ACID
CHEMBL180966;ITRIGLUMIDE
CHEMBL2144069;DEMECOLCINE
CHEMBL1162071;
CHEMBL458084;VENLAFAXINE HYDROCHLORIDE
CHEMBL179166;ANRUKINZUMAB
CHEMBL261849;DIMAPRIT
CHEMBL1488784;KW-2449
CHEMBL2107354;NAPTUMOMAB ESTAFENATOX
CHEMBL2108501;DIAZIQUONE
CHEMBL2107356;SONEPIPRAZOLE
CHEMBL195789;
CHEMBL3707253;OZANEZUMAB
CHEMBL1097939;DEPUDECIN
CHEMBL148319;
CHEMBL3545261;VEROSUDIL
CHEMBL1951658;
CHEMBL1200879;
CHEMBL191091;
CHEMBL271220;ANAMORELIN HYDROCHLORIDE
CHEMBL3707402;VINBLASTINE SULFATE
CHEMBL1715;SACITUZUMAB GOVITECAN
CHEMBL1642569;AV-203
CHEMBL1196470;ACETOPHENAZINE MALEATE
CHEMBL1738777;ISOETHARINE MESYLATE
CHEMBL303960;QAX-576
CHEMBL1743016;
CHEMBL1319383;PEGINTERFERON BETA-1A
CHEMBL2164551;BENZPIPERYLON
CHEMBL411557;BMS-833923
CHEMBL1801596;RG-1512
CHEMBL130715;COLCHICINE
CHEMBL3707278;
CHEMBL3545222;ONABOTULINUMTOXINA
CHEMBL444125;AMESERGIDE
CHEMBL3545390;
CHEMBL221692;PASIREOTIDE PAMOATE
CHEMBL8165;INTETUMUMAB
CHEMBL45176;BAY-1125976
CHEMBL2105675;LK-204545
CHEMBL1201146;
CHEMBL3545041;DYSIHERBAINE
CHEMBL1200997;HEPARIN SODIUM
CHEMBL2111286;GANCOTAMAB
CHEMBL2140408;TIROFIBAN HYDROCHLORIDE
CHEMBL1276158;
CHEMBL447868;
CHEMBL3545114;TANEZUMAB
CHEMBL38874;
CHEMBL1743038;
CHEMBL410596;TENAPANOR HYDROCHLORIDE
CHEMBL1200809;ALVESPIMYCIN HYDROCHLORIDE
CHEMBL268229;RELAXIN
CHEMBL1243407;CEVIMELINE
CHEMBL146346;
CHEMBL2103829;LY2969822
CHEMBL2108557;
CHEMBL1201656;CYTOSINE
CHEMBL2108678;PF-05212377
CHEMBL1237061;GALMIC
CHEMBL437501;ROCURONIUM BROMIDE
CHEMBL139554;
CHEMBL273653;
CHEMBL2109525;ACIFRAN
CHEMBL440084;
CHEMBL1668019;
CHEMBL2393201;DIFENOXIN HYDROCHLORIDE
CHEMBL66089;DURVALUMAB
CHEMBL3545354;CP-778875
CHEMBL2107855;NMS-1116354
CHEMBL265859;RALIMETINIB MESYLATE
CHEMBL2204502;AMTHAMINE
CHEMBL78771;BROMODIPHENHYDRAMINE HYDROCHLORIDE
CHEMBL497392;
CHEMBL3545205;BUCLIZINE HYDROCHLORIDE
CHEMBL2108887;
CHEMBL1907717;ZANOLIMUMAB
CHEMBL601661;[3H]PGD2
CHEMBL3545395;ACLIDINIUM BROMIDE
CHEMBL179330;
CHEMBL2109191;IMD-1041
CHEMBL493443;CGS-21680
CHEMBL1697791;
CHEMBL2108248;CAREBASTINE
CHEMBL1743006;MELATONAN
CHEMBL3833374;PROTRIPTYLINE HYDROCHLORIDE
CHEMBL249697;ALBUTEROL SULFATE
CHEMBL1201174;TADOCIZUMAB
CHEMBL217803;UNDECANOATE
CHEMBL34431;KRP203
CHEMBL151938;
CHEMBL2109293;
CHEMBL75590;INSULIN, NEUTRAL
CHEMBL410063;FARGLITAZAR
CHEMBL1079742;OLOCROLIMUS
CHEMBL20226;AMITRIPTYLINE HYDROCHLORIDE
CHEMBL71685;CICAPROST
CHEMBL99521;BEFIRADOL
CHEMBL2103871;
CHEMBL216992;BETHANECHOL CHLORIDE
CHEMBL3707293;ISONICOTINIC ACID
CHEMBL1201003;MATUZUMAB
CHEMBL507;
CHEMBL97424;GSK1482160
CHEMBL3545240;RG-7304
CHEMBL3545342;BITOPERTIN
CHEMBL117225;
CHEMBL3301578;ZD-4190
CHEMBL2108570;MAFOSFAMIDE
CHEMBL2109065;ADATANSERIN
CHEMBL1743033;JTS-653
CHEMBL396712;TREGALIZUMAB
CHEMBL2109408;IMPROGAN
CHEMBL2107003;
CHEMBL2108061;ENDOTHELIN 2
CHEMBL1237065;
CHEMBL2151141;
CHEMBL351231;CYCLOPENTOLATE HYDROCHLORIDE
CHEMBL1201113;
CHEMBL1200587;MK-8033
CHEMBL2105704;
CHEMBL1697748;DUVOGLUSTAT HYDROCHLORIDE
CHEMBL1256717;
CHEMBL3544957;
CHEMBL433632;
CHEMBL473773;
CHEMBL1201066;AZD2207
CHEMBL1742985;SSR125543
CHEMBL12344;ATRASENTAN HYDROCHLORIDE
CHEMBL1908397;EPINEPHRINE BITARTRATE
CHEMBL1743045;
CHEMBL36016;
CHEMBL69759;SERIBANTUMAB
CHEMBL6616;TRALOKINUMAB
CHEMBL2108679;
CHEMBL1213459;BESONPRODIL
CHEMBL373429;GSK159802
CHEMBL3545065;
CHEMBL191838;BETHANIDINE SULFATE
CHEMBL343796;VASOACTIVE INTESTINAL PEPTIDE
CHEMBL134519;
CHEMBL2103794;
CHEMBL378544;TRABEDERSEN
CHEMBL3545262;RESCINNAMINE
CHEMBL2109401;TOL-101
CHEMBL2360079;ESCITALOPRAM OXALATE
CHEMBL1201153;INSULIN ZINC SUSP EXTENDED RECOMBINANT HUMAN
CHEMBL2109465;EDOXABAN TOSYLATE
CHEMBL1722929;
CHEMBL2108677;TETRAHYDROURIDINE
CHEMBL1416586;PHENMETRAZINE HYDROCHLORIDE
CHEMBL3545403;
CHEMBL2109487;METHADONE HYDROCHLORIDE
CHEMBL107;
CHEMBL77862;ACRIDINE
CHEMBL1201574;EMIXUSTAT HYDROCHLORIDE
CHEMBL160293;
CHEMBL1256672;NORMORPHINE
CHEMBL3545188;ALMOTRIPTAN MALATE
CHEMBL1743032;ISOPROPAMIDE IODIDE
CHEMBL3545049;
CHEMBL207802;GSK-9578
CHEMBL3544934;QUINACRINE DIHYDROCHLORIDE
CHEMBL523411;AV-101
CHEMBL221142;TRIFLUPROMAZINE HYDROCHLORIDE
CHEMBL1201657;FOSCARNET SODIUM
CHEMBL3833344;CEP-37440
CHEMBL1704;
CHEMBL483688;MEPHENTERMINE SULFATE
CHEMBL222301;
CHEMBL2108567;
CHEMBL358145;
CHEMBL309760;DANAPAROID SODIUM
CHEMBL3301627;NOLPITANTIUM
CHEMBL2105630;DPDPE
CHEMBL2107882;
CHEMBL168815;
CHEMBL2220419;NEMONAPRIDE
CHEMBL1590266;
CHEMBL3545270;LEVOCETIRIZINE DIHYDROCHLORIDE
CHEMBL2070953;LEVISOPRENALINE
CHEMBL15913;TECALCET
CHEMBL3545344;ISONIPECOTIC ACID
CHEMBL1187471;
CHEMBL1200648;STEPHOLIDINE
CHEMBL429392;DEFIBROTIDE SODIUM
CHEMBL1221512;
CHEMBL278488;MITEMCINAL FUMARATE
CHEMBL1364808;FINERENONE
CHEMBL198927;PRIMAQUINE PHOSPHATE
CHEMBL1200599;
CHEMBL3301587;RETASPIMYCIN HYDROCHLORIDE
CHEMBL3545276;TREPROSTINIL DIOLAMINE
CHEMBL3545321;ARQ-736
CHEMBL2364627;DIETHYLSTILBESTROL DIPHOSPHATE
CHEMBL293762;
CHEMBL1200967;
CHEMBL417572;ATRACURIUM
CHEMBL1200403;PHENYLPROPANOLAMINE HYDROCHLORIDE
CHEMBL3108827;BI-853520
CHEMBL2108063;TYRPHOSTIN 1
CHEMBL360785;TALSACLIDINE FUMARATE
CHEMBL551466;
CHEMBL7261;PASIREOTIDE DIASPARTATE
CHEMBL3545168;EGLUMEGAD
CHEMBL331372;
CHEMBL2205915;MECAMYLAMINE HYDROCHLORIDE
CHEMBL67654;QUININE SULFATE
CHEMBL430239;PD-173074
CHEMBL1200332;
CHEMBL1201026;LULIZUMAB PEGOL
CHEMBL1743076;ASG-5ME
CHEMBL108030;AVE-1642
CHEMBL3545101;22(R)-HYDROXYCHOLESTEROL
CHEMBL266591;ISOETHARINE HYDROCHLORIDE
CHEMBL283287;BOHEMINE
CHEMBL2108966;
CHEMBL107367;BLOSOZUMAB
CHEMBL3545142;
CHEMBL1200964;ALOSETRON HYDROCHLORIDE
CHEMBL160629;BEAUVERICIN
CHEMBL45305;GSK-269962A
CHEMBL1452264;RG-7652
CHEMBL1768;
CHEMBL1203;
CHEMBL2108038;
CHEMBL1956070;TNX-650
CHEMBL3545206;AGATOLIMOD SODIUM
CHEMBL3545081;FUTUXIMAB
CHEMBL1169880;
CHEMBL313417;BROMFENAC SODIUM
CHEMBL3544937;CLOMIPRAMINE HYDROCHLORIDE
CHEMBL59990;ETHYLKETOCYCLAZOCINE
CHEMBL2111138;EFATUTAZONE HYDROCHLORIDE
CHEMBL3545228;
CHEMBL1743083;
CHEMBL2261340;TASOCITINIB
CHEMBL1397260;ENGLERIN A
CHEMBL2304284;
CHEMBL114112;EMEDASTINE DIFUMARATE
CHEMBL442577;
CHEMBL1200473;
CHEMBL74975;ISATUXIMAB
CHEMBL2323775;DULANERMIN
CHEMBL2325441;OCRELIZUMAB
CHEMBL460785;
CHEMBL40157;AMIKACIN SULFATE
CHEMBL1532240;RXDX-103
CHEMBL175788;PAPAVERINE HYDROCHLORIDE
CHEMBL17468;RANIRESTAT
CHEMBL3545289;INSULIN SUSP ISOPHANE BEEF/PORK
CHEMBL291657;PHENYLEPHRINE BITARTRATE
CHEMBL2106068;DIPHENYLPYRALINE HYDROCHLORIDE
CHEMBL1256958;GRASSYSTATIN A
CHEMBL260015;
CHEMBL219629;CALCIFEDIOL
CHEMBL3545071;ARSENIC
CHEMBL3545380;ARPROMIDINE
CHEMBL1743081;ARRY-300
CHEMBL219182;GOSSYPOL ACETIC ACID
CHEMBL3545397;ANILERIDINE HYDROCHLORIDE
CHEMBL219631;GLYCOURSODEOXYCHOLIC ACID
CHEMBL3545087;PROPYLPYRAZOLETRIOL
CHEMBL604991;RG-7256
CHEMBL2110368;
CHEMBL525028;BETAMETHASONE VALERATE
CHEMBL3087499;SUCCINYLCHOLINE CHLORIDE
CHEMBL1908334;
CHEMBL332486;DEXAMETHASONE SODIUM PHOSPHATE
CHEMBL2108345;OXOTREMORINE
CHEMBL1668;
CHEMBL2109591;PF-04605412
CHEMBL1200322;BMS-698769
CHEMBL1201641;
CHEMBL2105682;
CHEMBL1356280;TRELAGLIPTIN SUCCINATE
CHEMBL1236475;
CHEMBL1200483;ZYH7
CHEMBL55242;
CHEMBL1200825;ISOPROTERENOL HYDROCHLORIDE
CHEMBL513883;ALEMCINAL
CHEMBL39677;LEVOMETHADYL ACETATE HYDROCHLORIDE
CHEMBL2107829;ZOPTARELIN DOXORUBICIN
CHEMBL37860;
CHEMBL1227;
CHEMBL1200521;DEGUELIN
CHEMBL1200347;BETAMETHASONE ACETATE
CHEMBL1797687;SEGLITIDE
CHEMBL278590;BROMO ACETONE
CHEMBL554190;HUPERZINE A
CHEMBL3545351;AZ9773
CHEMBL1201102;SC-80036
CHEMBL754;
CHEMBL3545051;
CHEMBL1518572;
CHEMBL1200996;
CHEMBL49895;BRODALUMAB
CHEMBL140979;AZASETRON
CHEMBL228111;INSULIN SUSP ISOPHANE PURIFIED BEEF
CHEMBL1201534;
CHEMBL1178725;BI-2536
CHEMBL294616;
CHEMBL1162174;CONATUMUMAB
CHEMBL1421016;
CHEMBL20734;VILANTEROL TRIFENATATE
CHEMBL192509;CANERTINIB DIHYDROCHLORIDE
CHEMBL1201190;TETRAHYDROFOLATE
CHEMBL1160723;INSULIN ZINC SUSP BEEF
CHEMBL292376;
CHEMBL279998;CROMOLYN SODIUM
CHEMBL1256701;(R)-PIA
CHEMBL487387;HYDROMORPHONE HYDROCHLORIDE
CHEMBL3707226;
CHEMBL1885865;AZD-1152-HQPA
CHEMBL2105890;NAPHAZOLINE HYDROCHLORIDE
CHEMBL2181927;OLVANIL
CHEMBL43128;LAPULEUCEL-T
CHEMBL2332742;ACETALDEHYDE
CHEMBL377559;
CHEMBL2107815;TRETOQUINOL
CHEMBL3545296;ROPINIROLE HYDROCHLORIDE
CHEMBL1200598;
CHEMBL481806;ENDOTHELIN
CHEMBL239226;PAMOIC ACID
CHEMBL1360;KENPAULLONE
CHEMBL1200695;
CHEMBL3544961;HYDROXYAMPHETAMINE HYDROBROMIDE
CHEMBL77456;DONITRIPTAN
CHEMBL2107204;
CHEMBL1790415;HYDROXYFLUTAMIDE
CHEMBL3039588;
CHEMBL3544948;EMICIZUMAB
CHEMBL2106523;IMD-2560
CHEMBL1331919;TEGASEROD MALEATE
CHEMBL1237082;PREDNISOLONE SODIUM PHOSPHATE
CHEMBL2359966;
CHEMBL189584;NALFURAFINE HYDROCHLORIDE
CHEMBL277475;4-METHYLHISTAMINE
CHEMBL3137354;
CHEMBL2109574;DAROTROPIUM
CHEMBL2109357;
CHEMBL422904;XL550
CHEMBL1200920;
CHEMBL83980;METHACHOLINE CHLORIDE
CHEMBL382739;APOMORPHINE HYDROCHLORIDE
CHEMBL1742993;TOFERSEN
CHEMBL273636;5-OXO-ETE
CHEMBL1200885;TRIPROLIDINE HYDROCHLORIDE
CHEMBL373872;AVE0847
CHEMBL220241;
CHEMBL2109539;3,5-DIHYDROXYBENZOIC ACID
CHEMBL1672354;OLEAMIDE
CHEMBL3544929;SUBSTANCE P
CHEMBL223869;
CHEMBL1946226;
CHEMBL2109466;
CHEMBL2103793;
CHEMBL2109388;
CHEMBL12704;AFTOBETIN
CHEMBL751;KASSININ
CHEMBL1200710;ESMOLOL HYDROCHLORIDE
CHEMBL279968;VECURONIUM BROMIDE
CHEMBL3545279;FLUPERLAPINE
CHEMBL274384;TASPOGLUTIDE
CHEMBL339053;
CHEMBL459769;
CHEMBL2024567;
CHEMBL369459;
CHEMBL2103739;T-DM1
CHEMBL313714;U-69593
CHEMBL1595992;
CHEMBL3545131;
CHEMBL2107846;GYKI-52466
CHEMBL2108041;TEGLARINAD CHLORIDE
CHEMBL275035;CRENEZUMAB
CHEMBL1164318;FENTANYL CITRATE
CHEMBL3545090;
CHEMBL98123;CT-1578
CHEMBL132846;GSK2881078
CHEMBL1201635;DOBUTAMINE HYDROCHLORIDE
CHEMBL2062264;INSULIN ZINC SUSP PURIFIED BEEF/PORK
CHEMBL1564;PIRBUTEROL ACETATE
CHEMBL567893;
CHEMBL1233534;
CHEMBL3544909;
CHEMBL1231052;L-796449
CHEMBL293802;
CHEMBL3545359;INSULIN ZINC SUSP EXTENDED BEEF
CHEMBL2068727;CODEINE SULFATE
CHEMBL447686;
CHEMBL1201047;CS-8080
CHEMBL409348;LOXORIBINE
CHEMBL441282;AFATINIB DIMALEATE
CHEMBL3545080;TENELIXIMAB
CHEMBL2152903;
CHEMBL1497;APRINOCARSEN SODIUM
CHEMBL983;ENOXAPARIN SODIUM
CHEMBL452887;
CHEMBL1200637;INSULIN ZINC SUSP EXTENDED PURIFIED BEEF
CHEMBL7634;FLUOROMETHOLONE ACETATE
CHEMBL550637;TYRPHOSTIN A9
CHEMBL2109622;METHOXAMINE HYDROCHLORIDE
CHEMBL3545299;GUANFACINE HYDROCHLORIDE
CHEMBL88496;SABCOMELINE
CHEMBL3184070;BEDORADRINE SULFATE
CHEMBL2105754;
CHEMBL353759;SAR425899
CHEMBL3545093;MEDI-3617
CHEMBL18872;
CHEMBL1711;LALANOSINE
CHEMBL300049;BENZQUINAMIDE HYDROCHLORIDE
CHEMBL1200817;
CHEMBL3544954;CHOLINE CHLORIDE
CHEMBL1201508;PROPIDIUM
CHEMBL89241;GALNON
CHEMBL2153670;
CHEMBL393417;
CHEMBL1200538;CIXUTUMUMAB
CHEMBL311695;CARBACHOL
CHEMBL1085947;TASIDOTIN HYDROCHLORIDE
CHEMBL1255901;CO-TRIMOXAZOLE
CHEMBL2109587;
CHEMBL3544930;VATELIZUMAB
CHEMBL1774519;FICLATUZUMAB
CHEMBL418353;TALTIRELIN
CHEMBL422942;GALANIN
CHEMBL1086580;
CHEMBL1742996;PD-170292
CHEMBL1598608;ZONAMPANEL
CHEMBL1201655;OREGOVOMAB
CHEMBL1958337;GW7647
CHEMBL513909;
CHEMBL2311103;
CHEMBL1743003;VORTIOXETINE HYDROBROMIDE
CHEMBL236994;
CHEMBL1084172;DRF-10945
CHEMBL545315;
CHEMBL2074655;DIHYDROCODEINE BITARTRATE
CHEMBL1201639;
CHEMBL265012;REL-PENTAZOCINE
CHEMBL74;
CHEMBL139000;RINDOPEPIMUT
CHEMBL1237055;ENPROSTIL
CHEMBL1080588;
CHEMBL215152;ARCAINE
CHEMBL1706;ICOMUCRET
CHEMBL76903;QUIPAZINE
CHEMBL2108615;
CHEMBL170365;
CHEMBL306764;
CHEMBL299175;SMC021
CHEMBL1200411;
CHEMBL402643;MEPERIDINE HYDROCHLORIDE
CHEMBL437472;IC261
CHEMBL177880;S-777469
CHEMBL296586;CITATUZUMAB BOGATOX
CHEMBL414173;OTLERTUZUMAB
CHEMBL1200705;
CHEMBL1742428;LAUDANOSINE
CHEMBL158578;
CHEMBL491;
CHEMBL54004;PHYSALAEMIN
CHEMBL3833393;SATRALIZUMAB
CHEMBL2106563;DIQUAFOSOL
CHEMBL3545147;
CHEMBL1516474;GONADORELIN HYDROCHLORIDE
CHEMBL1201014;TOTROMBOPAG
CHEMBL85251;
CHEMBL490665;NONABINE
CHEMBL275443;PAMAPIMOD
CHEMBL4244287;CHOLINE FENOFIBRATE
CHEMBL2110584;MK-5108
CHEMBL566340;CARBINOXAMINE MALEATE
CHEMBL3545393;ACETYLCHOLINE CHLORIDE
CHEMBL41716;
CHEMBL1200764;
CHEMBL1616;BENZYL BROMIDE
CHEMBL3833346;BAY-1217389
CHEMBL18028;NEPIDERMIN
CHEMBL1200450;INSULIN ASPART PROTAMINE RECOMBINANT
CHEMBL3545295;OLODATEROL HYDROCHLORIDE
CHEMBL3246389;
CHEMBL95308;
CHEMBL15927;DROZITUMAB
CHEMBL235363;
CHEMBL403317;CK0106023
CHEMBL215294;TUBASTATIN A
CHEMBL2312139;
CHEMBL431703;TRAXOPRODIL
CHEMBL46071;TESAMORELIN ACETATE
CHEMBL2364601;
CHEMBL436706;
CHEMBL1201115;VILAZODONE HYDROCHLORIDE
CHEMBL1200629;
CHEMBL63756;PF-00337210
CHEMBL2107860;
CHEMBL357080;
CHEMBL23296;INSULIN LISPRO PROTAMINE RECOMBINANT
CHEMBL9240;ROLEDUMAB
CHEMBL1256923;
CHEMBL2109399;MOLIBRESIB
CHEMBL440765;TERBUTALINE SULFATE
CHEMBL1628670;PRALIDOXIME CHLORIDE
CHEMBL143210;
CHEMBL275006;
CHEMBL190412;
CHEMBL1743004;CARICOTAMIDE
CHEMBL688;EDROPHONIUM CHLORIDE
CHEMBL1161866;
CHEMBL3544962;MADURAMICIN
CHEMBL3545174;AMODIAQUINE HYDROCHLORIDE
CHEMBL1200418;HYDROCODONE POLISTIREX
CHEMBL1201634;
CHEMBL1200444;
CHEMBL261425;ENCALERET
CHEMBL1979333;TRABECTEDIN
CHEMBL1682258;MORPHANTHRIDINE
CHEMBL278994;
CHEMBL265301;TOLIMIDONE
CHEMBL1201640;
CHEMBL284671;LY2979165
CHEMBL26736;APRACLONIDINE HYDROCHLORIDE
CHEMBL3545238;TEDALINAB
CHEMBL292008;
CHEMBL2105712;HISTRELIN ACETATE
CHEMBL2108144;SAR-113945
CHEMBL3260983;
CHEMBL2108985;
CHEMBL1201476;FASCAPLYSIN
CHEMBL410893;AZD3199
CHEMBL1201542;ALBIGLUTIDE
CHEMBL1201064;(R)ZACOPRIDE
CHEMBL78150;FLUPAROXAN
CHEMBL1201103;SALMETEROL XINAFOATE
CHEMBL1200494;L-694247
CHEMBL134641;
CHEMBL2218893;DERENOFYLLINE
CHEMBL210618;DESMOPRESSIN ACETATE
CHEMBL3545425;RIMCAZOLE
CHEMBL3545269;DEXAMETHASONE ACETATE
CHEMBL2109298;
CHEMBL47940;LINTUZUMAB
CHEMBL24530;
CHEMBL1200707;
CHEMBL66654;TAGITININ A
CHEMBL282468;THIOFLAVIN T
CHEMBL345124;
CHEMBL2309599;ANG1005
CHEMBL2420629;
CHEMBL405759;JUGLONE
CHEMBL1743001;CISAPRIDE
CHEMBL14;SCH-37370
CHEMBL2107376;
CHEMBL58061;AMP579
CHEMBL23576;ETHAMBUTOL HYDROCHLORIDE
CHEMBL1743086;
CHEMBL1743018;
CHEMBL2107016;OXYPHENONIUM BROMIDE
CHEMBL501079;
CHEMBL33549;
CHEMBL14153;
CHEMBL119625;TACRINE HYDROCHLORIDE
CHEMBL2107917;NEUROKININ B
CHEMBL21241;LANADELUMAB
CHEMBL476833;ORDESEKIMAB
CHEMBL507420;SUFENTANIL CITRATE
CHEMBL2107387;
CHEMBL1883966;ANGIOTENSIN IV
CHEMBL3545394;FENOLDOPAM MESYLATE
CHEMBL437723;
CHEMBL2062266;BRIOBACEPT
CHEMBL156717;
CHEMBL397705;
CHEMBL2337793;MARGETUXIMAB
CHEMBL2107863;ENAVATUZUMAB
CHEMBL2104194;
CHEMBL407909;GW9508
CHEMBL102740;
CHEMBL594621;CISATRACURIUM BESYLATE
CHEMBL18772;
CHEMBL74300;APLINDORE FUMARATE
CHEMBL2159511;
CHEMBL455536;
CHEMBL3545415;
CHEMBL598952;
CHEMBL1701;
CHEMBL576349;FASITIBANT CHLORIDE
CHEMBL2019090;AMIBEGRON HYDROCHLORIDE
CHEMBL1743000;
CHEMBL3039539;ROLAPITANT HYDROCHLORIDE
CHEMBL285819;
CHEMBL1407;BURAPITANT
CHEMBL1395060;
CHEMBL122903;
CHEMBL2370372;TRIAMCINOLONE DIACETATE
CHEMBL3833307;SUMATRIPTAN SUCCINATE
CHEMBL221326;
CHEMBL113553;FX-005
CHEMBL1200516;PALONOSETRON HYDROCHLORIDE
CHEMBL3545303;PL-225B
CHEMBL1767409;DL-PHENYLALANINE
CHEMBL2106841;
CHEMBL1090089;PONATINIB HYDROCHLORIDE
CHEMBL1201745;
CHEMBL3182444;
CHEMBL1200974;METHYLPREDNISOLONE ACETATE
CHEMBL1184;
CHEMBL494303;ALFUZOSIN HYDROCHLORIDE
CHEMBL3093100;
CHEMBL1085946;
CHEMBL3544955;L19IL2
CHEMBL2108314;TIFLUADOM
CHEMBL1201664;
CHEMBL2105743;ENDOMORPHIN-1
CHEMBL434063;
CHEMBL3272478;ELSIGLUTIDE
CHEMBL1743008;INSULIN SUSP PROTAMINE ZINC BEEF/PORK
CHEMBL410478;
CHEMBL1164552;SNC-80
CHEMBL1201614;LBY-135
CHEMBL2018302;ABAGOVOMAB
CHEMBL3086883;ANTAZOLINE PHOSPHATE
CHEMBL17350;
CHEMBL2111290;ADL-5747
CHEMBL24458;PHENYLPROPANOLAMINE POLISTIREX
CHEMBL34453;
CHEMBL1615374;
CHEMBL455185;BIPERIDEN LACTATE
CHEMBL3545136;
CHEMBL1390;RAFABEGRON
CHEMBL222418;
CHEMBL1201611;
CHEMBL1743065;
CHEMBL3274309;
CHEMBL1232461;LITHOCHOLIC ACID
CHEMBL1160544;
CHEMBL748;CEP-2563
CHEMBL275628;BUSPIRONE HYDROCHLORIDE
CHEMBL257833;IMGATUZUMAB
CHEMBL473806;
CHEMBL2000716;
CHEMBL1128;INSULIN ZINC SUSP PURIFIED BEEF
CHEMBL201013;ZOLBETUXIMAB
CHEMBL1909065;SDX-101
CHEMBL1630;
CHEMBL1201470;
CHEMBL269016;
CHEMBL336208;INSULIN PEGLISPRO
CHEMBL1672973;PHENACYL CHLORIDE
CHEMBL1224207;LANREOTIDE ACETATE
CHEMBL1085101;
CHEMBL482796;FADOLMIDINE HYDROCHLORIDE
CHEMBL8030;TB-403
CHEMBL1741437;
CHEMBL3544939;
CHEMBL1200379;
CHEMBL3234681;ROSIGLITAZONE MALEATE
CHEMBL1196395;METARAMINOL BITARTRATE
CHEMBL1200509;HYDROCORTISONE SODIUM PHOSPHATE
CHEMBL3544945;
CHEMBL1628669;
CHEMBL127421;HYDROCODONE BITARTRATE
CHEMBL602937;1'-ACETOXYCHAVICOL ACETATE
CHEMBL3545103;EGLUMETAD
CHEMBL2107841;ANDOLAST
CHEMBL27846;
CHEMBL1765294;ABT-126
CHEMBL1082607;
CHEMBL39317;ALTINICLINE
CHEMBL33567;
CHEMBL592435;ASULACRINE
CHEMBL1200556;LG-190178
CHEMBL275707;
CHEMBL1651;LY404039
CHEMBL553939;SAUVAGINE
CHEMBL2109150;GSK2798745
CHEMBL1094546;
CHEMBL33859;ACROLEIN
CHEMBL518700;GSK933776
CHEMBL224392;LEVORPHANOL TARTRATE
CHEMBL372797;
CHEMBL1089636;BETAMETHASONE DIPROPIONATE
CHEMBL3186106;
CHEMBL43612;GRC-17536
CHEMBL1200788;DEXEFAROXAN
CHEMBL10971;YOHIMBINE HYDROCHLORIDE
CHEMBL509819;DIFLORASONE DIACETATE
CHEMBL3545163;CODEINE POLISTIREX
CHEMBL1628240;FE 202767
CHEMBL373250;DIPHENOXYLATE HYDROCHLORIDE
CHEMBL3272682;
CHEMBL1200906;TIGATUZUMAB
CHEMBL1628528;INSULIN ZINC SUSP SEMISYNTHETIC PURIFIED HUMAN
CHEMBL1949980;
CHEMBL521784;CP-55940
CHEMBL1677;ARACHIDONOYL GLYCINE
CHEMBL437797;
CHEMBL3545189;ISOVELLERAL
CHEMBL3545429;ALNIDITAN
CHEMBL2109467;
CHEMBL1201163;
CHEMBL2205377;
CHEMBL261120;
CHEMBL1026;GRANISETRON HYDROCHLORIDE
CHEMBL17639;24(S),25-EPOXYCHOLESTEROL
CHEMBL2107844;SENKTIDE
CHEMBL275507;BETAMETHASONE SODIUM PHOSPHATE
CHEMBL92461;INSULIN PURIFIED BEEF
CHEMBL2364649;OXYCODONE HYDROCHLORIDE
CHEMBL1743011;
CHEMBL133455;
CHEMBL207881;AJMALINE
CHEMBL521083;PEGINESATIDE ACETATE
CHEMBL3544938;
CHEMBL1200641;
CHEMBL3218390;
CHEMBL2104864;
CHEMBL1554789;BRIMONIDINE TARTRATE
CHEMBL26320;ISOGUVACINE
CHEMBL195345;MK-2201
CHEMBL174426;LY-379268
CHEMBL605836;ENADOLINE
CHEMBL541758;
CHEMBL3544928;
CHEMBL545437;AZD-7268
CHEMBL264421;RASAGILINE MESYLATE
CHEMBL3707330;REVEXEPRIDE
CHEMBL22304;
CHEMBL2105081;GRC-15300
CHEMBL3544947;ACONITINE
CHEMBL439780;BITOLTEROL MESYLATE
CHEMBL1946221;IMIPRAMINE HYDROCHLORIDE
CHEMBL1200449;PHE377
CHEMBL1201150;5-METHYLFURMETHIODIDE
CHEMBL458603;PEGINTERFERON LAMBDA-1A
CHEMBL3545216;
CHEMBL1720;BUNOLOL
CHEMBL3545004;
CHEMBL25080;PX-102
CHEMBL25414;
CHEMBL2105708;DANTROLENE SODIUM
CHEMBL182371;FLESINOXAN
CHEMBL255787;
CHEMBL1200844;ELEDOISIN
CHEMBL520992;DIPHENYLENEIODONIUM CHLORIDE
CHEMBL1723;BROLUCIZUMAB
CHEMBL3137307;QUILIZUMAB
CHEMBL406931;
CHEMBL379761;TC-2216
CHEMBL1234231;AZIRIDINE
CHEMBL2109608;
CHEMBL169703;GSK-2256098
CHEMBL2165126;PENTOLINIUM TARTRATE
CHEMBL316446;
CHEMBL156559;DEXTROTHYROXINE SODIUM
CHEMBL2108318;BEGELOMAB
CHEMBL1201628;
CHEMBL21283;ONCOLYSIN B
CHEMBL594426;BP-897
CHEMBL13470;URELUMAB
CHEMBL2109247;EMD-1204831
CHEMBL1742981;
CHEMBL3545353;
CHEMBL1222310;CINNAMIC ACID
CHEMBL1200550;GAVILIMOMAB
CHEMBL1199729;DEXMEDETOMIDINE HYDROCHLORIDE
CHEMBL561339;NAFARELIN ACETATE
CHEMBL1201535;INSULIN ZINC SUSP PROMPT PURIFIED PORK
CHEMBL370606;FELYPRESSIN
CHEMBL69367;FOSAPREPITANT DIMEGLUMINE
CHEMBL1201067;
CHEMBL157885;ING-1
CHEMBL279260;
CHEMBL1242101;GRIFOLIC ACID
CHEMBL1790178;
CHEMBL513056;SOMATREM
CHEMBL126809;PRAMIPEXOLE DIHYDROCHLORIDE
CHEMBL2023109;INSULIN ZINC SUSP RECOMBINANT HUMAN
CHEMBL1478;METRIFUDIL
CHEMBL335550;2-ARACHIDONOYLGLYCEROL
CHEMBL3545288;EPIBATIDINE
CHEMBL3545332;
CHEMBL1200399;METHYLDOPATE HYDROCHLORIDE
CHEMBL2109389;
CHEMBL595759;
CHEMBL320642;NS-49
CHEMBL1201546;SECRETIN SYNTHETIC HUMAN
CHEMBL2109427;
CHEMBL1716091;LY2881835
CHEMBL283206;
CHEMBL312403;
CHEMBL284193;(R,S)-AMPA
CHEMBL2108569;
CHEMBL105712;CATUMAXOMAB
CHEMBL1201184;
CHEMBL13790;
CHEMBL2106710;
CHEMBL2109545;L-755507
CHEMBL1161480;
CHEMBL2179319;HYDROCORTAMATE HYDROCHLORIDE
CHEMBL34730;LEVALBUTEROL HYDROCHLORIDE
CHEMBL843;ALCLOMETASONE DIPROPIONATE
CHEMBL2062262;
CHEMBL1200968;
CHEMBL291143;PHYSOSTIGMINE SULFATE
CHEMBL25230;ERTUMAXOMAB
CHEMBL2062267;AMG-888
CHEMBL323727;NALTALIMIDE
CHEMBL8759;
CHEMBL119549;TRX-518
CHEMBL159332;BIMAGRUMAB
CHEMBL3545231;
CHEMBL306645;SODELGLITAZAR
CHEMBL111659;SR16234
CHEMBL201839;LATONOPROST ACID
CHEMBL48880;PHENYL BIGUANIDE
CHEMBL197589;TRIAMCINOLONE HEXACETONIDE
CHEMBL1735158;
CHEMBL375611;
CHEMBL439883;
CHEMBL3707225;INSULIN SUSP PROTAMINE ZINC PURIFIED BEEF
CHEMBL105296;
CHEMBL721;PNU-282987
CHEMBL2109300;CLINDAMYCIN
CHEMBL2062261;
CHEMBL1201135;D-3263
CHEMBL1200384;SELODENOSON
CHEMBL1876219;PROPOXYPHENE HYDROCHLORIDE
CHEMBL3707318;
CHEMBL1357517;
CHEMBL537669;CARAZOLOL
CHEMBL1200545;
CHEMBL1201463;BETAZOLE HYDROCHLORIDE
CHEMBL2110870;
CHEMBL3545127;
CHEMBL3545167;ISPRONICLINE
CHEMBL1200665;OMS405
CHEMBL1257107;
CHEMBL1743080;TRIAMCINOLONE ACETONIDE
CHEMBL1201543;
CHEMBL188528;
CHEMBL559612;CLOPROSTENOL
CHEMBL161343;APN1125
CHEMBL171804;RYANODINE
CHEMBL518292;DEPATUXIZUMAB
CHEMBL88240;
CHEMBL609245;
CHEMBL216272;METHYL P-TOLUENESULFONYL-L-ARGININATE
CHEMBL2147477;
CHEMBL1201445;METHYLPREDNISOLONE SODIUM SUCCINATE
CHEMBL32813;ILX23-7553
CHEMBL1237080;
CHEMBL434302;EPOPROSTENOL SODIUM
CHEMBL106124;
CHEMBL1200762;U-92,016-A
CHEMBL1201629;
CHEMBL1200890;
CHEMBL472925;
CHEMBL224720;
CHEMBL2105617;LIDOCAINE HYDROCHLORIDE
CHEMBL1963684;
CHEMBL175643;DECAMETHONIUM BROMIDE
CHEMBL1082810;DEXTROMETHORPHAN POLISTIREX
CHEMBL3182200;
CHEMBL1200801;INSULIN ZINC SUSP PROMPT BEEF
CHEMBL416340;SABCOMELINE HYDROCHLORIDE
CHEMBL2062257;INSULIN SUSP ISOPHANE RECOMBINANT HUMAN
CHEMBL39071;NALOXONE BENZOYLHYDRAZONE
CHEMBL3545000;
CHEMBL275079;BROMOCRIPTINE MESYLATE
CHEMBL318859;
CHEMBL49247;METHIONINE SULFOXIDE
CHEMBL1085282;DESOXYCORTICOSTERONE
CHEMBL1946618;
CHEMBL1201142;
CHEMBL3545035;CLOCORTOLONE PIVALATE
CHEMBL1534468;N-FORMYLMETHIONYL-LEUCYLPHENYLALANINE
CHEMBL3707319;NICOTINE POLACRILEX
CHEMBL2103747;ALFENTANIL HYDROCHLORIDE
CHEMBL1200405;
CHEMBL1692;OLEOYLETHANOLAMIDE
CHEMBL3545148;ARFORMOTEROL TARTRATE
CHEMBL1200447;CALINDOL
CHEMBL1316369;
CHEMBL2108723;
CHEMBL1570196;
CHEMBL293030;CIPRALISANT MALEATE
CHEMBL362628;CHIAURANIB
CHEMBL3545113;LY-510929
CHEMBL109783;
CHEMBL928;BALUGRASTIM
CHEMBL1742477;DOLASETRON MESYLATE
CHEMBL321968;MODIMELANOTIDE
CHEMBL2111091;L-165461
CHEMBL373569;DP001
CHEMBL397686;NAPHTHALENE
CHEMBL3707357;ENTOLIMOD
CHEMBL2109456;
CHEMBL76781;
CHEMBL504652;2-METHYLHISTAMINE
CHEMBL540990;
CHEMBL2165119;BAY1067197
CHEMBL3544967;UDP-GALACTOSE
CHEMBL1318287;IBRITUMOMAB TIUXETAN
CHEMBL3545294;IPSAPIRONE
CHEMBL1237085;
CHEMBL71191;LABETUZUMAB GOVITECAN
CHEMBL3545058;
CHEMBL3833357;
CHEMBL1775179;
CHEMBL2109308;
CHEMBL25236;INSULIN SUSP ISOPHANE SEMISYNTHETIC PURIFIED HUMAN
CHEMBL1743085;TEBANICLINE
CHEMBL1200611;ETROLIZUMAB
CHEMBL3545053;
CHEMBL1885579;K-877
CHEMBL255306;TABERMINOGENE VADENOVEC
CHEMBL27246;DULIGOTUZUMAB
CHEMBL2109193;INSULIN SUSP ISOPHANE BEEF
CHEMBL2106195;
CHEMBL1200671;MR-1817
CHEMBL1201643;CEVIMELINE HYDROCHLORIDE
CHEMBL1908309;SEMAGLUTIDE
CHEMBL1201782;
CHEMBL2407634;ISOSPAGLUMIC ACID
CHEMBL2109263;
CHEMBL493076;TERIPARATIDE ACETATE
CHEMBL513978;
CHEMBL1788358;METHIMEPIP
CHEMBL1201620;
CHEMBL542257;MINERAL OIL
CHEMBL1201644;REMIFENTANIL HYDROCHLORIDE
CHEMBL331382;
CHEMBL122972;GW493838
CHEMBL6623;
CHEMBL270960;
CHEMBL1200432;
CHEMBL1256797;
CHEMBL1784904;NOCICEPTIN
CHEMBL72958;
CHEMBL1201488;JTE-151
CHEMBL189753;ZACOPRIDE
CHEMBL3545086;
CHEMBL1765119;DAVASAICIN
CHEMBL570352;ICRUCUMAB
CHEMBL13378;SAD448
CHEMBL1771389;
CHEMBL2108581;
CHEMBL318457;
CHEMBL576739;PRAMLINTIDE ACETATE
CHEMBL1086657;AZD1446
CHEMBL12998;ABT-107
CHEMBL175543;CR 1447
CHEMBL1200635;
CHEMBL1201061;ELTROMBOPAG OLAMINE
CHEMBL1200989;TIROTUNDIN
CHEMBL2096654;BMS-779788
CHEMBL1703636;CP-601927
CHEMBL756;INSULIN SUSP PROTAMINE ZINC PURIFIED PORK
CHEMBL2105891;2S,4R-4-METHYLGLUTAMATE
CHEMBL2108029;INSULIN
CHEMBL2109396;
CHEMBL3545408;[3H]LSD
CHEMBL384527;PHA-543613
CHEMBL2109428;CODEINE PHOSPHATE
CHEMBL3137353;ATILMOTIN
CHEMBL319757;DE-104
CHEMBL2104984;
CHEMBL3545210;APOMAB
CHEMBL3545329;ND0801
CHEMBL1050;OLEOYL DOPAMINE
CHEMBL13791;
CHEMBL1200878;SERMORELIN ACETATE
CHEMBL293226;
CHEMBL507060;
CHEMBL2064657;N-METHANOCARBA-UTP
CHEMBL1201541;
CHEMBL2333945;
CHEMBL177611;
CHEMBL1753;
CHEMBL334920;
CHEMBL2106324;LIPOXIN A4
CHEMBL3707315;
CHEMBL2107371;
CHEMBL1237104;
CHEMBL2052017;TECTORIGENIN
CHEMBL2165138;HYDROCORTISONE SODIUM SUCCINATE
CHEMBL324665;
CHEMBL1466483;SSR180711
CHEMBL1200949;
CHEMBL2110887;MECASERMIN RINFABATE
CHEMBL101690;ESTROGENS, ESTERIFIED
CHEMBL415306;
CHEMBL188462;CERULETIDE DIETHYLAMINE
CHEMBL3545277;MDX-1411
CHEMBL286136;CGS-8216
CHEMBL1504;INSULIN ZINC SUSP PURIFIED PORK
CHEMBL38508;
CHEMBL506999;LINETASTINE
CHEMBL2220404;
CHEMBL3545013;LEVOTHYROXINE SODIUM
CHEMBL2112186;GR-79236
CHEMBL3707294;AGATOLIMOD
CHEMBL435402;VARENICLINE TARTRATE
CHEMBL181937;ANILERIDINE PHOSPHATE
CHEMBL44752;ALANINE
CHEMBL1775169;
CHEMBL1201081;ESTROPIPATE
CHEMBL284121;
CHEMBL285932;AVE8134
CHEMBL962;
CHEMBL52416;81C6 131I
CHEMBL71920;LARAZOTIDE ACETATE
CHEMBL2403218;N-(2-HYDROXYETHYL)STEARAMIDE
CHEMBL112203;DIARYLPROPIONITRILE
CHEMBL602365;LORCASERIN HYDROCHLORIDE
CHEMBL235658;
CHEMBL541521;FLUDROCORTISONE ACETATE
CHEMBL598;OPICINUMAB
CHEMBL1134;GSK-4112
CHEMBL1201461;
CHEMBL1517556;
CHEMBL1201642;
CHEMBL2107146;ESTROGENS, CONJUGATED SYNTHETIC A
CHEMBL1201540;
CHEMBL1256836;
CHEMBL1385076;
CHEMBL1200503;
CHEMBL1081913;
CHEMBL445753;
CHEMBL1498;
CHEMBL263664;
CHEMBL449588;
CHEMBL1200975;
CHEMBL267179;
CHEMBL3545075;
CHEMBL1201536;
CHEMBL1200531;
CHEMBL1718432;
CHEMBL2107731;
CHEMBL280065;
CHEMBL1951071;
CHEMBL1801356;
CHEMBL1946409;
CHEMBL1084942;
CHEMBL40086;
CHEMBL2106003;
CHEMBL3545428;
CHEMBL77502;
CHEMBL280828;
CHEMBL2108572;
CHEMBL2368924;
CHEMBL3545104;
CHEMBL279053;
CHEMBL605525;
CHEMBL16293;
CHEMBL2108683;
CHEMBL1289260;
CHEMBL1290251;
CHEMBL12620;
CHEMBL140784;
CHEMBL3545405;
CHEMBL1743884;
CHEMBL1201606;
CHEMBL8412;
CHEMBL2094089;
CHEMBL3544923;
CHEMBL149394;
CHEMBL1077979;
CHEMBL257167;
CHEMBL298235;
CHEMBL1201627;
CHEMBL430497;
CHEMBL1743015;
CHEMBL426;
CHEMBL2303638;
CHEMBL3545412;
CHEMBL2108065;
CHEMBL3137345;
CHEMBL1201545;
CHEMBL117168;
CHEMBL3707397;
CHEMBL2218917;
CHEMBL2108724;
CHEMBL3093101;
CHEMBL1329032;
CHEMBL257991;
CHEMBL1201549;
CHEMBL571858;
CHEMBL175782;
CHEMBL113180;
CHEMBL2109152;
CHEMBL1201120;
CHEMBL26512;
CHEMBL3545223;
CHEMBL578514;
CHEMBL301536;
CHEMBL2165920;
CHEMBL429731;
CHEMBL396460;
CHEMBL1213187;
CHEMBL3545357;
CHEMBL18041;
CHEMBL1613220;
CHEMBL328628;
CHEMBL1743030;
CHEMBL3545387;
CHEMBL1091720;
CHEMBL51522;
CHEMBL247132;
CHEMBL3833353;
CHEMBL2179529;
CHEMBL2151570;
CHEMBL3545092;
CHEMBL1418045;
CHEMBL461806;
CHEMBL464453;
CHEMBL2062258;
CHEMBL3545418;
CHEMBL3707250;
CHEMBL1201638;
CHEMBL288166;
CHEMBL1201631;
CHEMBL67601;
CHEMBL463207;
CHEMBL214268;
CHEMBL1201099;
CHEMBL2369989;
CHEMBL3545153;
CHEMBL1818218;
CHEMBL2109248;
CHEMBL3707316;
CHEMBL250711;
CHEMBL1230989;
CHEMBL1201490;
CHEMBL3092413;
CHEMBL510698;
CHEMBL606210;
CHEMBL230963;
CHEMBL409969;
CHEMBL11553;
CHEMBL2409106;
CHEMBL1802025;
CHEMBL392438;
CHEMBL387187;
CHEMBL260563;
CHEMBL284969;
CHEMBL242740;
CHEMBL1200495;
CHEMBL1452805;
CHEMBL559478;
CHEMBL287367;
CHEMBL1201717;
CHEMBL1201468;
CHEMBL324218;
CHEMBL1200755;
CHEMBL2109492;
CHEMBL19732;
CHEMBL1201653;
CHEMBL506495;
CHEMBL314338;
CHEMBL46296;
CHEMBL2103741;
CHEMBL2163568;
CHEMBL3545230;
CHEMBL2103792;
CHEMBL2062259;
CHEMBL1200543;
CHEMBL12198;
CHEMBL327745;
CHEMBL1200980;
CHEMBL1474351;
CHEMBL3545334;
CHEMBL1491825;
CHEMBL2109582;
CHEMBL2103815;
CHEMBL171447;
CHEMBL334773;
CHEMBL2095211;
CHEMBL282489;
CHEMBL1201010;
CHEMBL3544922;
CHEMBL1961795;
CHEMBL3105228;
CHEMBL544755;
CHEMBL403858;
CHEMBL1201466;
CHEMBL2104983;
CHEMBL187349;
